encoder,modality,"variance share, top 10","composition share, top","composition share, rest","stability R2, top","stability R2, rest","stability R2, whole","variance share, rest"
NT 500M human-ref,DNA,0.74679046869277954,0.7179212577786962,0.19036051433052104,0.039128991088166122,-0.0087874579737677646,0.032098657611142611,0.25320953130722046
NT v2 100M multi-species,DNA,0.8914838433265686,0.85075274159166137,0.29886219234677558,0.056997012744039011,-0.010387192001838463,0.079773359419359327,0.1085161566734314
DNABERT-2,DNA,0.71544128656387329,0.74734793107132558,0.16188773226199893,0.038946629228143424,-0.018929862667099239,0.054028366903262001,0.28455871343612671
HyenaDNA large,DNA,0.96306830644607544,0.94455708524867099,0.16671327441379447,0.024402699977678678,-0.010116659698020624,0.025738075176080955,0.036931693553924561
RNA-FM,RNA,0.85775971412658691,0.67317570413752725,0.20139954098560142,0.037687164483007685,-0.0083117799962511459,0.0518425567668074,0.14224028587341309
RiNALMo 150M,RNA,0.79646384716033936,0.68666234453691266,0.2981341300815411,0.047376295660580506,-0.0083485985066832132,0.077531881629066296,0.20353615283966064
mRNA-FM,RNA,0.60631197690963745,0.22889166654745519,0.11168976182102641,0.061294208560031982,-0.008787803750077261,0.12723703733722808,0.39368802309036255
CaLM,RNA,0.54779917001724243,0.61931780749333232,0.1840489357895807,0.066025144184472695,-0.008142503633199771,0.12729553897715271,0.45220082998275757
ESM-2 8M,protein,0.62527167797088623,0.42842341315188559,0.24708732843245973,0.10818035436580983,-0.0096100316620526989,0.12662358435063328,0.37472832202911377
ESM-2 35M,protein,0.64795488119125366,0.41510093911103019,0.22420381844925141,0.10681943559315535,-0.0085987114013103653,0.11435805379571032,0.35204511880874634
ESM-2 150M,protein,0.6977461576461792,0.44190716538882979,0.23370796216160417,0.09509536252184278,-0.0081597576065609353,0.14364996072541483,0.3022538423538208
ProtBERT,protein,0.81755858659744263,0.39828101017154272,0.19458230969298884,0.085642973224811625,-0.009899594596511286,0.14326151137867968,0.18244141340255737
