a,b,state_a,state_b,cka
mrnafm,calm,0,0,0.5787157416343689
mrnafm,calm,0,1,0.54111522436141968
mrnafm,calm,0,2,0.5859186053276062
mrnafm,calm,0,3,0.54601341485977173
mrnafm,calm,0,4,0.41217541694641113
mrnafm,calm,0,5,0.3932357132434845
mrnafm,calm,0,6,0.33469581604003906
mrnafm,calm,0,7,0.29877406358718872
mrnafm,calm,0,8,0.29562139511108398
mrnafm,calm,0,9,0.2533344030380249
mrnafm,calm,0,10,0.25712618231773376
mrnafm,calm,0,11,0.29487982392311096
mrnafm,calm,0,12,0.48615762591362
mrnafm,calm,1,0,0.20748776197433472
mrnafm,calm,1,1,0.4304211437702179
mrnafm,calm,1,2,0.4871174693107605
mrnafm,calm,1,3,0.45486420392990112
mrnafm,calm,1,4,0.36902561783790588
mrnafm,calm,1,5,0.36354550719261169
mrnafm,calm,1,6,0.29696017503738403
mrnafm,calm,1,7,0.26333394646644592
mrnafm,calm,1,8,0.25939497351646423
mrnafm,calm,1,9,0.21794664859771729
mrnafm,calm,1,10,0.20000177621841431
mrnafm,calm,1,11,0.19322063028812408
mrnafm,calm,1,12,0.23692105710506439
mrnafm,calm,2,0,0.69126808643341064
mrnafm,calm,2,1,0.75296890735626221
mrnafm,calm,2,2,0.77984082698822021
mrnafm,calm,2,3,0.76133948564529419
mrnafm,calm,2,4,0.640217125415802
mrnafm,calm,2,5,0.58942794799804688
mrnafm,calm,2,6,0.4910338819026947
mrnafm,calm,2,7,0.46109512448310852
mrnafm,calm,2,8,0.43255710601806641
mrnafm,calm,2,9,0.39112848043441772
mrnafm,calm,2,10,0.40090405941009521
mrnafm,calm,2,11,0.45513817667961121
mrnafm,calm,2,12,0.63471329212188721
mrnafm,calm,3,0,0.629474937915802
mrnafm,calm,3,1,0.69233411550521851
mrnafm,calm,3,2,0.71596246957778931
mrnafm,calm,3,3,0.72022539377212524
mrnafm,calm,3,4,0.65094703435897827
mrnafm,calm,3,5,0.66831207275390625
mrnafm,calm,3,6,0.61648160219192505
mrnafm,calm,3,7,0.58891183137893677
mrnafm,calm,3,8,0.56298935413360596
mrnafm,calm,3,9,0.51275044679641724
mrnafm,calm,3,10,0.50350868701934814
mrnafm,calm,3,11,0.538280189037323
mrnafm,calm,3,12,0.66898435354232788
mrnafm,calm,4,0,0.59871721267700195
mrnafm,calm,4,1,0.67808294296264648
mrnafm,calm,4,2,0.70010823011398315
mrnafm,calm,4,3,0.70155680179595947
mrnafm,calm,4,4,0.64420825242996216
mrnafm,calm,4,5,0.66604375839233398
mrnafm,calm,4,6,0.62182331085205078
mrnafm,calm,4,7,0.59631425142288208
mrnafm,calm,4,8,0.56770765781402588
mrnafm,calm,4,9,0.51207655668258667
mrnafm,calm,4,10,0.49573376774787903
mrnafm,calm,4,11,0.52327841520309448
mrnafm,calm,4,12,0.64740049839019775
mrnafm,calm,5,0,0.4616665244102478
mrnafm,calm,5,1,0.54001957178115845
mrnafm,calm,5,2,0.55971372127532959
mrnafm,calm,5,3,0.55930322408676147
mrnafm,calm,5,4,0.52660995721817017
mrnafm,calm,5,5,0.56298696994781494
mrnafm,calm,5,6,0.54429054260253906
mrnafm,calm,5,7,0.5399814248085022
mrnafm,calm,5,8,0.5131676197052002
mrnafm,calm,5,9,0.4682135283946991
mrnafm,calm,5,10,0.45638266205787659
mrnafm,calm,5,11,0.47740864753723145
mrnafm,calm,5,12,0.5474277138710022
mrnafm,calm,6,0,0.36638781428337097
mrnafm,calm,6,1,0.42212396860122681
mrnafm,calm,6,2,0.43544387817382812
mrnafm,calm,6,3,0.4345477819442749
mrnafm,calm,6,4,0.397626131772995
mrnafm,calm,6,5,0.43596524000167847
mrnafm,calm,6,6,0.42599350214004517
mrnafm,calm,6,7,0.40455105900764465
mrnafm,calm,6,8,0.39386817812919617
mrnafm,calm,6,9,0.35549759864807129
mrnafm,calm,6,10,0.34310507774353027
mrnafm,calm,6,11,0.35597124695777893
mrnafm,calm,6,12,0.43601614236831665
mrnafm,calm,7,0,0.30133822560310364
mrnafm,calm,7,1,0.34584882855415344
mrnafm,calm,7,2,0.35746034979820251
mrnafm,calm,7,3,0.35827550292015076
mrnafm,calm,7,4,0.32612296938896179
mrnafm,calm,7,5,0.35743674635887146
mrnafm,calm,7,6,0.34966838359832764
mrnafm,calm,7,7,0.33693432807922363
mrnafm,calm,7,8,0.33096057176589966
mrnafm,calm,7,9,0.29849138855934143
mrnafm,calm,7,10,0.28835874795913696
mrnafm,calm,7,11,0.30076777935028076
mrnafm,calm,7,12,0.37294542789459229
mrnafm,calm,8,0,0.36660978198051453
mrnafm,calm,8,1,0.38762280344963074
mrnafm,calm,8,2,0.40032321214675903
mrnafm,calm,8,3,0.40091961622238159
mrnafm,calm,8,4,0.35922735929489136
mrnafm,calm,8,5,0.39292922616004944
mrnafm,calm,8,6,0.38210874795913696
mrnafm,calm,8,7,0.36925125122070312
mrnafm,calm,8,8,0.36529570817947388
mrnafm,calm,8,9,0.33164599537849426
mrnafm,calm,8,10,0.32466211915016174
mrnafm,calm,8,11,0.34473603963851929
mrnafm,calm,8,12,0.44182935357093811
mrnafm,calm,9,0,0.42271342873573303
mrnafm,calm,9,1,0.47981739044189453
mrnafm,calm,9,2,0.49940907955169678
mrnafm,calm,9,3,0.50379717350006104
mrnafm,calm,9,4,0.45023468136787415
mrnafm,calm,9,5,0.49290850758552551
mrnafm,calm,9,6,0.47402539849281311
mrnafm,calm,9,7,0.45335835218429565
mrnafm,calm,9,8,0.44421109557151794
mrnafm,calm,9,9,0.4015800952911377
mrnafm,calm,9,10,0.39186796545982361
mrnafm,calm,9,11,0.41141596436500549
mrnafm,calm,9,12,0.52366435527801514
mrnafm,calm,10,0,0.34197351336479187
mrnafm,calm,10,1,0.41514182090759277
mrnafm,calm,10,2,0.43462958931922913
mrnafm,calm,10,3,0.44313928484916687
mrnafm,calm,10,4,0.39579051733016968
mrnafm,calm,10,5,0.43622869253158569
mrnafm,calm,10,6,0.4237377941608429
mrnafm,calm,10,7,0.40813538432121277
mrnafm,calm,10,8,0.4019361138343811
mrnafm,calm,10,9,0.36693629622459412
mrnafm,calm,10,10,0.35794675350189209
mrnafm,calm,10,11,0.37171563506126404
mrnafm,calm,10,12,0.46801048517227173
mrnafm,calm,11,0,0.33454972505569458
mrnafm,calm,11,1,0.41482663154602051
mrnafm,calm,11,2,0.43529516458511353
mrnafm,calm,11,3,0.44336721301078796
mrnafm,calm,11,4,0.39451739192008972
mrnafm,calm,11,5,0.43080803751945496
mrnafm,calm,11,6,0.41751506924629211
mrnafm,calm,11,7,0.40087306499481201
mrnafm,calm,11,8,0.39275676012039185
mrnafm,calm,11,9,0.35807961225509644
mrnafm,calm,11,10,0.34789395332336426
mrnafm,calm,11,11,0.35732454061508179
mrnafm,calm,11,12,0.45142507553100586
mrnafm,calm,12,0,0.11134405434131622
mrnafm,calm,12,1,0.11370111256837845
mrnafm,calm,12,2,0.11873269081115723
mrnafm,calm,12,3,0.14155054092407227
mrnafm,calm,12,4,0.11141305416822433
mrnafm,calm,12,5,0.11759434640407562
mrnafm,calm,12,6,0.11616089195013046
mrnafm,calm,12,7,0.12211419641971588
mrnafm,calm,12,8,0.11652868241071701
mrnafm,calm,12,9,0.11011841148138046
mrnafm,calm,12,10,0.11901283264160156
mrnafm,calm,12,11,0.13479690253734589
mrnafm,calm,12,12,0.2070341557264328
mrnafm,esm2_35m,0,0,0.33491063117980957
mrnafm,esm2_35m,0,1,0.42320156097412109
mrnafm,esm2_35m,0,2,0.35679495334625244
mrnafm,esm2_35m,0,3,0.2991919219493866
mrnafm,esm2_35m,0,4,0.289081871509552
mrnafm,esm2_35m,0,5,0.22724835574626923
mrnafm,esm2_35m,0,6,0.22715088725090027
mrnafm,esm2_35m,0,7,0.19340160489082336
mrnafm,esm2_35m,0,8,0.21562959253787994
mrnafm,esm2_35m,0,9,0.22261305153369904
mrnafm,esm2_35m,0,10,0.23587490618228912
mrnafm,esm2_35m,0,11,0.26344522833824158
mrnafm,esm2_35m,0,12,0.2376880943775177
mrnafm,esm2_35m,1,0,0.18855789303779602
mrnafm,esm2_35m,1,1,0.40558454394340515
mrnafm,esm2_35m,1,2,0.3553307056427002
mrnafm,esm2_35m,1,3,0.30013230443000793
mrnafm,esm2_35m,1,4,0.30295372009277344
mrnafm,esm2_35m,1,5,0.23208923637866974
mrnafm,esm2_35m,1,6,0.22620566189289093
mrnafm,esm2_35m,1,7,0.18690668046474457
mrnafm,esm2_35m,1,8,0.19447620213031769
mrnafm,esm2_35m,1,9,0.20754373073577881
mrnafm,esm2_35m,1,10,0.22187773883342743
mrnafm,esm2_35m,1,11,0.24228307604789734
mrnafm,esm2_35m,1,12,0.16913904249668121
mrnafm,esm2_35m,2,0,0.52042776346206665
mrnafm,esm2_35m,2,1,0.65020948648452759
mrnafm,esm2_35m,2,2,0.6018950343132019
mrnafm,esm2_35m,2,3,0.55483704805374146
mrnafm,esm2_35m,2,4,0.51906424760818481
mrnafm,esm2_35m,2,5,0.3907487690448761
mrnafm,esm2_35m,2,6,0.39786216616630554
mrnafm,esm2_35m,2,7,0.36136972904205322
mrnafm,esm2_35m,2,8,0.38658669590950012
mrnafm,esm2_35m,2,9,0.40843957662582397
mrnafm,esm2_35m,2,10,0.42439833283424377
mrnafm,esm2_35m,2,11,0.41024759411811829
mrnafm,esm2_35m,2,12,0.34131717681884766
mrnafm,esm2_35m,3,0,0.47594749927520752
mrnafm,esm2_35m,3,1,0.5955461859703064
mrnafm,esm2_35m,3,2,0.55895692110061646
mrnafm,esm2_35m,3,3,0.54276132583618164
mrnafm,esm2_35m,3,4,0.52992290258407593
mrnafm,esm2_35m,3,5,0.42449408769607544
mrnafm,esm2_35m,3,6,0.46547773480415344
mrnafm,esm2_35m,3,7,0.44452700018882751
mrnafm,esm2_35m,3,8,0.48470088839530945
mrnafm,esm2_35m,3,9,0.49920547008514404
mrnafm,esm2_35m,3,10,0.49545913934707642
mrnafm,esm2_35m,3,11,0.47144097089767456
mrnafm,esm2_35m,3,12,0.41697874665260315
mrnafm,esm2_35m,4,0,0.46558189392089844
mrnafm,esm2_35m,4,1,0.58237940073013306
mrnafm,esm2_35m,4,2,0.54879313707351685
mrnafm,esm2_35m,4,3,0.52533888816833496
mrnafm,esm2_35m,4,4,0.51298516988754272
mrnafm,esm2_35m,4,5,0.40987679362297058
mrnafm,esm2_35m,4,6,0.47124826908111572
mrnafm,esm2_35m,4,7,0.45528951287269592
mrnafm,esm2_35m,4,8,0.49186444282531738
mrnafm,esm2_35m,4,9,0.50292235612869263
mrnafm,esm2_35m,4,10,0.49642929434776306
mrnafm,esm2_35m,4,11,0.46203505992889404
mrnafm,esm2_35m,4,12,0.39698001742362976
mrnafm,esm2_35m,5,0,0.36675626039505005
mrnafm,esm2_35m,5,1,0.46043682098388672
mrnafm,esm2_35m,5,2,0.43376916646957397
mrnafm,esm2_35m,5,3,0.4183095395565033
mrnafm,esm2_35m,5,4,0.41052344441413879
mrnafm,esm2_35m,5,5,0.33939841389656067
mrnafm,esm2_35m,5,6,0.39302939176559448
mrnafm,esm2_35m,5,7,0.38354122638702393
mrnafm,esm2_35m,5,8,0.41608873009681702
mrnafm,esm2_35m,5,9,0.42051726579666138
mrnafm,esm2_35m,5,10,0.40853998064994812
mrnafm,esm2_35m,5,11,0.38185766339302063
mrnafm,esm2_35m,5,12,0.34465426206588745
mrnafm,esm2_35m,6,0,0.28126406669616699
mrnafm,esm2_35m,6,1,0.35353431105613708
mrnafm,esm2_35m,6,2,0.33646172285079956
mrnafm,esm2_35m,6,3,0.32594916224479675
mrnafm,esm2_35m,6,4,0.32001373171806335
mrnafm,esm2_35m,6,5,0.2480567991733551
mrnafm,esm2_35m,6,6,0.30376249551773071
mrnafm,esm2_35m,6,7,0.28559619188308716
mrnafm,esm2_35m,6,8,0.32433047890663147
mrnafm,esm2_35m,6,9,0.33083096146583557
mrnafm,esm2_35m,6,10,0.32227867841720581
mrnafm,esm2_35m,6,11,0.31490886211395264
mrnafm,esm2_35m,6,12,0.27315005660057068
mrnafm,esm2_35m,7,0,0.23217865824699402
mrnafm,esm2_35m,7,1,0.28735563158988953
mrnafm,esm2_35m,7,2,0.27099111676216125
mrnafm,esm2_35m,7,3,0.26032072305679321
mrnafm,esm2_35m,7,4,0.25293430685997009
mrnafm,esm2_35m,7,5,0.19484364986419678
mrnafm,esm2_35m,7,6,0.24299585819244385
mrnafm,esm2_35m,7,7,0.22761008143424988
mrnafm,esm2_35m,7,8,0.25813868641853333
mrnafm,esm2_35m,7,9,0.2628960907459259
mrnafm,esm2_35m,7,10,0.25723645091056824
mrnafm,esm2_35m,7,11,0.25216466188430786
mrnafm,esm2_35m,7,12,0.22032652795314789
mrnafm,esm2_35m,8,0,0.26213908195495605
mrnafm,esm2_35m,8,1,0.31533163785934448
mrnafm,esm2_35m,8,2,0.29333636164665222
mrnafm,esm2_35m,8,3,0.27895644307136536
mrnafm,esm2_35m,8,4,0.27242925763130188
mrnafm,esm2_35m,8,5,0.21106824278831482
mrnafm,esm2_35m,8,6,0.26090827584266663
mrnafm,esm2_35m,8,7,0.24492870271205902
mrnafm,esm2_35m,8,8,0.27805390954017639
mrnafm,esm2_35m,8,9,0.28269657492637634
mrnafm,esm2_35m,8,10,0.27890294790267944
mrnafm,esm2_35m,8,11,0.27991208434104919
mrnafm,esm2_35m,8,12,0.25079229474067688
mrnafm,esm2_35m,9,0,0.3062671422958374
mrnafm,esm2_35m,9,1,0.39945542812347412
mrnafm,esm2_35m,9,2,0.37202677130699158
mrnafm,esm2_35m,9,3,0.35154810547828674
mrnafm,esm2_35m,9,4,0.34980463981628418
mrnafm,esm2_35m,9,5,0.2703281044960022
mrnafm,esm2_35m,9,6,0.3265509307384491
mrnafm,esm2_35m,9,7,0.30743932723999023
mrnafm,esm2_35m,9,8,0.34676951169967651
mrnafm,esm2_35m,9,9,0.35339367389678955
mrnafm,esm2_35m,9,10,0.34753724932670593
mrnafm,esm2_35m,9,11,0.34929946064949036
mrnafm,esm2_35m,9,12,0.30354523658752441
mrnafm,esm2_35m,10,0,0.24999977648258209
mrnafm,esm2_35m,10,1,0.34835800528526306
mrnafm,esm2_35m,10,2,0.32706701755523682
mrnafm,esm2_35m,10,3,0.30970430374145508
mrnafm,esm2_35m,10,4,0.30956754088401794
mrnafm,esm2_35m,10,5,0.2411126047372818
mrnafm,esm2_35m,10,6,0.29292881488800049
mrnafm,esm2_35m,10,7,0.27376985549926758
mrnafm,esm2_35m,10,8,0.30919873714447021
mrnafm,esm2_35m,10,9,0.31273871660232544
mrnafm,esm2_35m,10,10,0.30715200304985046
mrnafm,esm2_35m,10,11,0.31016474962234497
mrnafm,esm2_35m,10,12,0.26394468545913696
mrnafm,esm2_35m,11,0,0.24980476498603821
mrnafm,esm2_35m,11,1,0.35416743159294128
mrnafm,esm2_35m,11,2,0.33215326070785522
mrnafm,esm2_35m,11,3,0.3122541606426239
mrnafm,esm2_35m,11,4,0.31455615162849426
mrnafm,esm2_35m,11,5,0.24646909534931183
mrnafm,esm2_35m,11,6,0.29348114132881165
mrnafm,esm2_35m,11,7,0.27377039194107056
mrnafm,esm2_35m,11,8,0.30922773480415344
mrnafm,esm2_35m,11,9,0.31221184134483337
mrnafm,esm2_35m,11,10,0.30897539854049683
mrnafm,esm2_35m,11,11,0.31448754668235779
mrnafm,esm2_35m,11,12,0.26223644614219666
mrnafm,esm2_35m,12,0,0.065973296761512756
mrnafm,esm2_35m,12,1,0.076500333845615387
mrnafm,esm2_35m,12,2,0.069536440074443817
mrnafm,esm2_35m,12,3,0.064210586249828339
mrnafm,esm2_35m,12,4,0.057261094450950623
mrnafm,esm2_35m,12,5,0.044077914208173752
mrnafm,esm2_35m,12,6,0.057338986545801163
mrnafm,esm2_35m,12,7,0.057139735668897629
mrnafm,esm2_35m,12,8,0.069301091134548187
mrnafm,esm2_35m,12,9,0.064267441630363464
mrnafm,esm2_35m,12,10,0.059884991496801376
mrnafm,esm2_35m,12,11,0.057133495807647705
mrnafm,esm2_35m,12,12,0.052319984883069992
calm,esm2_35m,0,0,0.5175589919090271
calm,esm2_35m,0,1,0.33333227038383484
calm,esm2_35m,0,2,0.28252750635147095
calm,esm2_35m,0,3,0.25042822957038879
calm,esm2_35m,0,4,0.22140568494796753
calm,esm2_35m,0,5,0.17124637961387634
calm,esm2_35m,0,6,0.18768872320652008
calm,esm2_35m,0,7,0.17306593060493469
calm,esm2_35m,0,8,0.19777381420135498
calm,esm2_35m,0,9,0.20103110373020172
calm,esm2_35m,0,10,0.20727251470088959
calm,esm2_35m,0,11,0.21609596908092499
calm,esm2_35m,0,12,0.24702645838260651
calm,esm2_35m,1,0,0.66524523496627808
calm,esm2_35m,1,1,0.84696143865585327
calm,esm2_35m,1,2,0.79831665754318237
calm,esm2_35m,1,3,0.73969203233718872
calm,esm2_35m,1,4,0.68506020307540894
calm,esm2_35m,1,5,0.53336852788925171
calm,esm2_35m,1,6,0.54949104785919189
calm,esm2_35m,1,7,0.51146799325942993
calm,esm2_35m,1,8,0.53955870866775513
calm,esm2_35m,1,9,0.56129723787307739
calm,esm2_35m,1,10,0.57412201166152954
calm,esm2_35m,1,11,0.49860140681266785
calm,esm2_35m,1,12,0.41440814733505249
calm,esm2_35m,2,0,0.63472318649291992
calm,esm2_35m,2,1,0.82908171415328979
calm,esm2_35m,2,2,0.78415518999099731
calm,esm2_35m,2,3,0.72542864084243774
calm,esm2_35m,2,4,0.67572444677352905
calm,esm2_35m,2,5,0.52037680149078369
calm,esm2_35m,2,6,0.53757393360137939
calm,esm2_35m,2,7,0.50171977281570435
calm,esm2_35m,2,8,0.5323488712310791
calm,esm2_35m,2,9,0.55636274814605713
calm,esm2_35m,2,10,0.57085901498794556
calm,esm2_35m,2,11,0.50337910652160645
calm,esm2_35m,2,12,0.41600385308265686
calm,esm2_35m,3,0,0.59465533494949341
calm,esm2_35m,3,1,0.78030163049697876
calm,esm2_35m,3,2,0.76934516429901123
calm,esm2_35m,3,3,0.7270505428314209
calm,esm2_35m,3,4,0.6748359203338623
calm,esm2_35m,3,5,0.52869898080825806
calm,esm2_35m,3,6,0.55468785762786865
calm,esm2_35m,3,7,0.52818572521209717
calm,esm2_35m,3,8,0.56236469745635986
calm,esm2_35m,3,9,0.58491438627243042
calm,esm2_35m,3,10,0.59922468662261963
calm,esm2_35m,3,11,0.52335935831069946
calm,esm2_35m,3,12,0.4308193027973175
calm,esm2_35m,4,0,0.48820924758911133
calm,esm2_35m,4,1,0.71848851442337036
calm,esm2_35m,4,2,0.75929480791091919
calm,esm2_35m,4,3,0.74806946516036987
calm,esm2_35m,4,4,0.72048318386077881
calm,esm2_35m,4,5,0.57586091756820679
calm,esm2_35m,4,6,0.61014580726623535
calm,esm2_35m,4,7,0.60019773244857788
calm,esm2_35m,4,8,0.62311255931854248
calm,esm2_35m,4,9,0.65151709318161011
calm,esm2_35m,4,10,0.67036497592926025
calm,esm2_35m,4,11,0.56332993507385254
calm,esm2_35m,4,12,0.43729516863822937
calm,esm2_35m,5,0,0.43425166606903076
calm,esm2_35m,5,1,0.63866502046585083
calm,esm2_35m,5,2,0.66539418697357178
calm,esm2_35m,5,3,0.65989744663238525
calm,esm2_35m,5,4,0.66218727827072144
calm,esm2_35m,5,5,0.52407926321029663
calm,esm2_35m,5,6,0.58633327484130859
calm,esm2_35m,5,7,0.59731364250183105
calm,esm2_35m,5,8,0.65409326553344727
calm,esm2_35m,5,9,0.67397779226303101
calm,esm2_35m,5,10,0.66925662755966187
calm,esm2_35m,5,11,0.5906294584274292
calm,esm2_35m,5,12,0.42657887935638428
calm,esm2_35m,6,0,0.36019977927207947
calm,esm2_35m,6,1,0.50918906927108765
calm,esm2_35m,6,2,0.52541220188140869
calm,esm2_35m,6,3,0.52843832969665527
calm,esm2_35m,6,4,0.54348516464233398
calm,esm2_35m,6,5,0.46095037460327148
calm,esm2_35m,6,6,0.55648410320281982
calm,esm2_35m,6,7,0.56660902500152588
calm,esm2_35m,6,8,0.64830726385116577
calm,esm2_35m,6,9,0.65395307540893555
calm,esm2_35m,6,10,0.62181121110916138
calm,esm2_35m,6,11,0.55725669860839844
calm,esm2_35m,6,12,0.4345431923866272
calm,esm2_35m,7,0,0.35049468278884888
calm,esm2_35m,7,1,0.50095963478088379
calm,esm2_35m,7,2,0.52348834276199341
calm,esm2_35m,7,3,0.53599786758422852
calm,esm2_35m,7,4,0.54980951547622681
calm,esm2_35m,7,5,0.50261479616165161
calm,esm2_35m,7,6,0.58749556541442871
calm,esm2_35m,7,7,0.59635436534881592
calm,esm2_35m,7,8,0.65728682279586792
calm,esm2_35m,7,9,0.65940654277801514
calm,esm2_35m,7,10,0.63059425354003906
calm,esm2_35m,7,11,0.55872386693954468
calm,esm2_35m,7,12,0.45062270760536194
calm,esm2_35m,8,0,0.32365778088569641
calm,esm2_35m,8,1,0.46573656797409058
calm,esm2_35m,8,2,0.48003041744232178
calm,esm2_35m,8,3,0.4961417019367218
calm,esm2_35m,8,4,0.51426577568054199
calm,esm2_35m,8,5,0.54580402374267578
calm,esm2_35m,8,6,0.5953516960144043
calm,esm2_35m,8,7,0.60436171293258667
calm,esm2_35m,8,8,0.64281564950942993
calm,esm2_35m,8,9,0.63900935649871826
calm,esm2_35m,8,10,0.6294931173324585
calm,esm2_35m,8,11,0.56864911317825317
calm,esm2_35m,8,12,0.52390366792678833
calm,esm2_35m,9,0,0.30645841360092163
calm,esm2_35m,9,1,0.44525986909866333
calm,esm2_35m,9,2,0.46688473224639893
calm,esm2_35m,9,3,0.48384258151054382
calm,esm2_35m,9,4,0.50579321384429932
calm,esm2_35m,9,5,0.5847969651222229
calm,esm2_35m,9,6,0.59951335191726685
calm,esm2_35m,9,7,0.6098901629447937
calm,esm2_35m,9,8,0.62708723545074463
calm,esm2_35m,9,9,0.62350732088088989
calm,esm2_35m,9,10,0.63149058818817139
calm,esm2_35m,9,11,0.58658576011657715
calm,esm2_35m,9,12,0.57487744092941284
calm,esm2_35m,10,0,0.30207005143165588
calm,esm2_35m,10,1,0.42371928691864014
calm,esm2_35m,10,2,0.44578254222869873
calm,esm2_35m,10,3,0.45799380540847778
calm,esm2_35m,10,4,0.48012948036193848
calm,esm2_35m,10,5,0.59159368276596069
calm,esm2_35m,10,6,0.58261722326278687
calm,esm2_35m,10,7,0.59202969074249268
calm,esm2_35m,10,8,0.58919429779052734
calm,esm2_35m,10,9,0.5869407057762146
calm,esm2_35m,10,10,0.60806441307067871
calm,esm2_35m,10,11,0.58175522089004517
calm,esm2_35m,10,12,0.60465109348297119
calm,esm2_35m,11,0,0.32337239384651184
calm,esm2_35m,11,1,0.42711529135704041
calm,esm2_35m,11,2,0.44808891415596008
calm,esm2_35m,11,3,0.45533835887908936
calm,esm2_35m,11,4,0.47336393594741821
calm,esm2_35m,11,5,0.56899207830429077
calm,esm2_35m,11,6,0.55105400085449219
calm,esm2_35m,11,7,0.55740737915039062
calm,esm2_35m,11,8,0.54534512758255005
calm,esm2_35m,11,9,0.5494198203086853
calm,esm2_35m,11,10,0.57798898220062256
calm,esm2_35m,11,11,0.55655753612518311
calm,esm2_35m,11,12,0.60036462545394897
calm,esm2_35m,12,0,0.35835310816764832
calm,esm2_35m,12,1,0.35670238733291626
calm,esm2_35m,12,2,0.34491440653800964
calm,esm2_35m,12,3,0.33023092150688171
calm,esm2_35m,12,4,0.33204308152198792
calm,esm2_35m,12,5,0.36383262276649475
calm,esm2_35m,12,6,0.3739452064037323
calm,esm2_35m,12,7,0.37160134315490723
calm,esm2_35m,12,8,0.39086967706680298
calm,esm2_35m,12,9,0.39353463053703308
calm,esm2_35m,12,10,0.41202747821807861
calm,esm2_35m,12,11,0.42126560211181641
calm,esm2_35m,12,12,0.4687601625919342
