encoder,modality,Stability R2,Stability SD,"Stability R2, 10 assignments","Stability SD, 10 assignments",GC R2,GC3 R2
NT 500M human-ref,DNA,0.032098657611142611,0.042929381516766944,0.046467630307869032,0.0059948476844446652,0.98541049410676318,0.96776128463627509
NT v2 100M multi-species,DNA,0.079773359419359327,0.03178665167609962,0.074320967856812831,0.01054999866568967,0.99093096911216461,0.98562383579326429
DNABERT-2,DNA,0.054028366903262001,0.031223709303211302,0.056857370785103278,0.0080370297872178632,0.99046927933076745,0.94846523775782221
HyenaDNA large,DNA,0.025738075176080955,0.01680004494025554,0.018609595261874147,0.0056104474062121717,0.99713182518294408,0.89566634031498094
RNA-FM,RNA,0.0518425567668074,0.03199206708033684,0.046340167823983362,0.0078100366026767794,0.95068210363194472,0.91733752024137161
RiNALMo 150M,RNA,0.077531881629066296,0.02116613420534727,0.079129322158365961,0.0076864943938598764,0.95356880166925762,0.94948301954110015
mRNA-FM,RNA,0.12723703733722808,0.03235324798587394,0.11043818771476965,0.011928962121974186,0.95119246002420765,0.94600621941918739
CaLM,RNA,0.12729553897715271,0.057929432694772486,0.13189334343457282,0.0049572178061246495,0.98360221386891045,0.9822885718451293
ESM-2 8M,protein,0.12662358435063328,0.043733766323532305,0.13081375772780046,0.0059562081092666653,0.67920008469156967,0.37887764929508255
ESM-2 35M,protein,0.11435805379571032,0.048777571742398232,0.12309019873171687,0.0053178723424233687,0.68558179517281614,0.38674482016568495
ESM-2 150M,protein,0.14364996072541483,0.03457310887241672,0.14205555439969153,0.0046151471952078438,0.70785003658106593,0.43597223869759671
ProtBERT,protein,0.14326151137867968,0.041069041159397961,0.13451225813708159,0.0088699425633937453,0.70048076893664724,0.44007688000576178
