source_cell,row,field,saved_display_value,captured_kernel_value
db5b5fab,NT 500M human-ref,"composition share, top",0.74199999999999999,0.7179212577786962
db5b5fab,NT 500M human-ref,"composition share, rest",0.252,0.19036051433052104
db5b5fab,NT 500M human-ref,"stability R2, rest",-0.01,-0.0087874579737677646
db5b5fab,NT v2 100M multi-species,"composition share, top",0.85799999999999998,0.85075274159166137
db5b5fab,NT v2 100M multi-species,"composition share, rest",0.35599999999999998,0.29886219234677558
db5b5fab,DNABERT-2,"composition share, top",0.76400000000000001,0.74734793107132558
db5b5fab,DNABERT-2,"composition share, rest",0.224,0.16188773226199893
db5b5fab,DNABERT-2,"stability R2, rest",-0.02,-0.018929862667099239
db5b5fab,HyenaDNA large,"composition share, top",0.94999999999999996,0.94455708524867099
db5b5fab,HyenaDNA large,"composition share, rest",0.23599999999999999,0.16671327441379447
db5b5fab,HyenaDNA large,"stability R2, rest",-0.0089999999999999993,-0.010116659698020624
db5b5fab,RNA-FM,"composition share, top",0.745,0.67317570413752725
db5b5fab,RNA-FM,"composition share, rest",0.26500000000000001,0.20139954098560142
db5b5fab,RiNALMo 150M,"composition share, top",0.71999999999999997,0.68666234453691266
db5b5fab,RiNALMo 150M,"composition share, rest",0.36399999999999999,0.2981341300815411
db5b5fab,mRNA-FM,"composition share, top",0.36899999999999999,0.22889166654745519
db5b5fab,mRNA-FM,"composition share, rest",0.182,0.11168976182102641
db5b5fab,CaLM,"composition share, top",0.64700000000000002,0.61931780749333232
db5b5fab,CaLM,"composition share, rest",0.25900000000000001,0.1840489357895807
db5b5fab,ESM-2 8M,"composition share, top",0.57499999999999996,0.42842341315188559
db5b5fab,ESM-2 8M,"composition share, rest",0.31900000000000001,0.24708732843245973
db5b5fab,ESM-2 35M,"composition share, top",0.53400000000000003,0.41510093911103019
db5b5fab,ESM-2 35M,"composition share, rest",0.28499999999999998,0.22420381844925141
db5b5fab,ESM-2 150M,"composition share, top",0.5,0.44190716538882979
db5b5fab,ESM-2 150M,"composition share, rest",0.29199999999999998,0.23370796216160417
db5b5fab,ProtBERT,"composition share, top",0.45300000000000001,0.39828101017154272
db5b5fab,ProtBERT,"composition share, rest",0.246,0.19458230969298884
db5b5fab,ProtBERT,"stability R2, rest",-0.0089999999999999993,-0.009899594596511286
caf0327d,NT 500M human-ref / NT v2 100M multi-species,CKA after,0.037999999999999999,0.064387577161220594
caf0327d,NT 500M human-ref / NT v2 100M multi-species,Recall@1 after,0.113,0.25085910652920962
caf0327d,NT 500M human-ref / NT v2 100M multi-species,CKA reduction,0.90400000000000003,0.83837365713077949
caf0327d,NT 500M human-ref / DNABERT-2,CKA after,0.097000000000000003,0.1431534340446915
caf0327d,NT 500M human-ref / DNABERT-2,Recall@1 after,0.127,0.26460481099656352
caf0327d,NT 500M human-ref / DNABERT-2,CKA reduction,0.83999999999999997,0.76457849136869949
caf0327d,NT 500M human-ref / HyenaDNA large,CKA after,0.068000000000000005,0.11364753359953569
caf0327d,NT 500M human-ref / HyenaDNA large,Recall@1 after,0.107,0.21305841924398619
caf0327d,NT 500M human-ref / HyenaDNA large,CKA reduction,0.88700000000000001,0.81164271174912095
caf0327d,NT 500M human-ref / RNA-FM,CKA after,0.10100000000000001,0.19616056174950519
caf0327d,NT 500M human-ref / RNA-FM,Recall@1 after,0.107,0.25773195876288651
caf0327d,NT 500M human-ref / RNA-FM,CKA reduction,0.81000000000000005,0.62998337748503652
caf0327d,NT 500M human-ref / RiNALMo 150M,CKA after,0.084000000000000005,0.16998509250013971
caf0327d,NT 500M human-ref / RiNALMo 150M,Recall@1 after,0.079000000000000001,0.19587628865979381
caf0327d,NT 500M human-ref / RiNALMo 150M,CKA reduction,0.83999999999999997,0.67600050378252552
caf0327d,ESM-2 8M / ESM-2 150M,CKA after,0.376,0.39136866043803892
caf0327d,ESM-2 8M / ESM-2 150M,Recall@1 after,0.70099999999999996,0.80756013745704458
caf0327d,ESM-2 8M / ESM-2 150M,CKA reduction,0.32000000000000001,0.2924712151638662
caf0327d,ESM-2 8M / ProtBERT,CKA after,0.092999999999999999,0.084835564885102799
caf0327d,ESM-2 8M / ProtBERT,Recall@1 after,0.48099999999999998,0.63230240549828165
caf0327d,ESM-2 8M / ProtBERT,CKA reduction,0.53400000000000003,0.57371077267574089
caf0327d,ESM-2 35M / ESM-2 150M,CKA after,0.58799999999999997,0.57644009072321045
caf0327d,ESM-2 35M / ESM-2 150M,Recall@1 after,0.86899999999999999,0.89347079037800692
caf0327d,ESM-2 35M / ESM-2 150M,CKA reduction,0.152,0.16877252045477342
caf0327d,ESM-2 35M / ProtBERT,CKA after,0.115,0.1057559291390022
caf0327d,ESM-2 35M / ProtBERT,Recall@1 after,0.60799999999999998,0.71821305841924388
caf0327d,ESM-2 35M / ProtBERT,CKA reduction,0.47599999999999998,0.51643654377721393
caf0327d,ESM-2 150M / ProtBERT,CKA after,0.16200000000000001,0.15588902851445879
caf0327d,ESM-2 150M / ProtBERT,Recall@1 after,0.622,0.72508591065292094
caf0327d,ESM-2 150M / ProtBERT,CKA reduction,0.48199999999999998,0.49984105246734178
42aec048,NT 500M human-ref,share of variance explained by composition,0.61799999999999999,0.57999999999999996
42aec048,NT v2 100M multi-species,share of variance explained by composition,0.80400000000000005,0.79100000000000004
42aec048,DNABERT-2,share of variance explained by composition,0.60999999999999999,0.57899999999999996
42aec048,HyenaDNA large,share of variance explained by composition,0.92400000000000004,0.91600000000000004
42aec048,RNA-FM,share of variance explained by composition,0.67700000000000005,0.59899999999999998
42aec048,RiNALMo 150M,share of variance explained by composition,0.64800000000000002,0.60299999999999998
42aec048,mRNA-FM,share of variance explained by composition,0.29599999999999999,0.156
42aec048,CaLM,share of variance explained by composition,0.47199999999999998,0.42099999999999999
42aec048,ESM-2 8M,share of variance explained by composition,0.47899999999999998,0.34300000000000003
42aec048,ESM-2 35M,share of variance explained by composition,0.44600000000000001,0.30399999999999999
42aec048,ESM-2 150M,share of variance explained by composition,0.437,0.38
42aec048,ProtBERT,share of variance explained by composition,0.41499999999999998,0.34799999999999998
