a,b,encoder_a,encoder_b,modality_a,modality_b,Linear CKA,Mutual k-NN,First canonical correlation,Mean canonical correlation,Recall@1,Recall@5,Recall@10,Linear CKA after control,Recall@1 after control,"Linear CKA, top components","Linear CKA, remaining components",pinned_concat_r2,pinned_gain
nt500m,ntv2_100m,NT 500M human-ref,NT v2 100M multi-species,DNA,DNA,0.39837303757667542,0.15188583078491336,0.98905300765831528,0.87095064276426792,0.77319587628865982,0.96907216494845361,0.9862542955326461,0.064387577161220608,0.25085910652920962,0.39571017026901245,0.2700594961643219,0.047364924687625917,-0.03240843473173341
nt500m,dnabert2,NT 500M human-ref,DNABERT-2,DNA,DNA,0.60807287693023682,0.17716615698267077,0.98907728946870199,0.87035979375764749,0.6872852233676976,0.92096219931271472,0.96219931271477666,0.14315343404469155,0.26460481099656358,0.6049235463142395,0.24810220301151276,0.045142591993093742,-0.0088857749101682593
nt500m,hyenadna,NT 500M human-ref,HyenaDNA large,DNA,DNA,0.60336148738861084,0.14740061162079512,0.99025338004919761,0.8353703341196731,0.59106529209621994,0.89003436426116833,0.95189003436426112,0.11364753359953579,0.21305841924398625,0.60252803564071655,0.16628924012184143,0.037069333367927858,0.0049706757567852464
nt500m,rnafm,NT 500M human-ref,RNA-FM,DNA,RNA,0.53013986349105835,0.118144750254842,0.97126158453084244,0.82619189853098174,0.53264604810996563,0.81786941580756012,0.88659793814432986,0.19616056174950525,0.25773195876288657,0.52391475439071655,0.20040173828601837,0.046446527474299004,-0.0053960292925083961
nt500m,rinalmo,NT 500M human-ref,RiNALMo 150M,DNA,RNA,0.52464616298675537,0.11906218144750257,0.9733545081040027,0.80972781935309612,0.49484536082474229,0.80756013745704469,0.89690721649484539,0.16998509250013979,0.19587628865979381,0.515053391456604,0.15803240239620209,0.059139429036072902,-0.018392452592993394
nt500m,mrnafm,NT 500M human-ref,mRNA-FM,DNA,RNA,0.087315581738948822,0.078899082568807344,0.98186451862043378,0.75797114799400445,0.36426116838487971,0.70790378006872856,0.84536082474226804,0.097905364867749561,0.12027491408934708,0.082090288400650024,0.21708661317825317,0.10140001294456429,-0.02583702439266379
nt500m,calm,NT 500M human-ref,CaLM,DNA,RNA,0.47028744220733643,0.11529051987767584,0.9830964048268569,0.80628814285409489,0.51890034364261173,0.83161512027491413,0.89690721649484539,0.11661945594154476,0.099656357388316158,0.46035194396972656,0.19631095230579376,0.11844624014665417,-0.0088492988304985365
nt500m,esm2_8m,NT 500M human-ref,ESM-2 8M,DNA,protein,0.16267307102680206,0.072171253822629969,0.95292449999745688,0.75165714828935148,0.35051546391752575,0.66323024054982815,0.74570446735395191,0.12580037312179129,0.089347079037800689,0.1456855833530426,0.14247703552246094,0.093317894679094571,-0.033305689671538713
nt500m,esm2_35m,NT 500M human-ref,ESM-2 35M,DNA,protein,0.12767145037651062,0.06931702344546381,0.95322494940294011,0.7399453091306194,0.36082474226804123,0.67353951890034369,0.76632302405498287,0.11344560288780861,0.10652920962199312,0.11262867599725723,0.14472320675849915,0.095741555104275469,-0.018616498691434849
nt500m,esm2_150m,NT 500M human-ref,ESM-2 150M,DNA,protein,0.13062895834445953,0.065749235474006115,0.94731238683444841,0.75376040859135895,0.32302405498281789,0.64604810996563578,0.80412371134020622,0.058454501989820246,0.085910652920962199,0.11628848314285278,0.15498720109462738,0.13277226283342719,-0.010877697891987642
nt500m,protbert,NT 500M human-ref,ProtBERT,DNA,protein,0.091652415692806244,0.071253822629969418,0.93836296677488384,0.73625576679914717,0.3127147766323024,0.6563573883161512,0.78006872852233677,0.039963107609797537,0.11683848797250859,0.08700532466173172,0.16822299361228943,0.12566637962524496,-0.017595131753434717
ntv2_100m,dnabert2,NT v2 100M multi-species,DNABERT-2,DNA,DNA,0.27003726363182068,0.20030581039755352,0.99251206287823279,0.88375105788527153,0.77319587628865982,0.96907216494845361,0.98969072164948457,0.12171993595309558,0.27147766323024053,0.26727712154388428,0.26822227239608765,0.06756750746583054,-0.012205851953528787
ntv2_100m,hyenadna,NT v2 100M multi-species,HyenaDNA large,DNA,DNA,0.7364082932472229,0.19633027522935781,0.99305370881112176,0.86139149366615686,0.67353951890034369,0.93814432989690721,0.98281786941580751,0.11680140479672158,0.28178694158075601,0.73615598678588867,0.17582964897155762,0.07791284821533781,-0.0018605112040215172
ntv2_100m,rnafm,NT v2 100M multi-species,RNA-FM,DNA,RNA,0.17098665237426758,0.10652395514780835,0.97150506071058751,0.83319414767675304,0.61855670103092786,0.86941580756013748,0.91752577319587625,0.093415059434263176,0.16494845360824742,0.16570483148097992,0.19561390578746796,0.074753515641372531,-0.005019843777986796
ntv2_100m,rinalmo,NT v2 100M multi-species,RiNALMo 150M,DNA,RNA,0.20862628519535065,0.12446483180428135,0.97263810221959879,0.84236632151930579,0.67697594501718217,0.89003436426116833,0.93814432989690721,0.089245467854960986,0.20962199312714777,0.20126315951347351,0.19563525915145874,0.082399284292178326,0.0026259248728189993
ntv2_100m,mrnafm,NT v2 100M multi-species,mRNA-FM,DNA,RNA,0.029521264135837555,0.079612640163098894,0.97945066282450266,0.77795747508589741,0.43642611683848798,0.7903780068728522,0.92096219931271472,0.044268956581064597,0.08247422680412371,0.025541868060827255,0.22136189043521881,0.12167856305536828,-0.0055584742818597932
ntv2_100m,calm,NT v2 100M multi-species,CaLM,DNA,RNA,0.18286862969398499,0.10784913353720693,0.98308550284569551,0.84826057071736438,0.63230240549828176,0.89690721649484539,0.94845360824742264,0.058380983500438306,0.1134020618556701,0.16287678480148315,0.21195472776889801,0.12727204653730567,-2.3492439847033753e-05
ntv2_100m,esm2_8m,NT v2 100M multi-species,ESM-2 8M,DNA,protein,0.10043489187955856,0.07492354740061162,0.9588314071172741,0.812441567693446,0.53951890034364258,0.80412371134020622,0.89690721649484539,0.056981014466020108,0.085910652920962199,0.083399593830108643,0.18359832465648651,0.12217998237516117,-0.0044436019754721112
ntv2_100m,esm2_35m,NT v2 100M multi-species,ESM-2 35M,DNA,protein,0.083004139363765717,0.069520897043832811,0.95887142618422216,0.8137080734566331,0.51546391752577314,0.81786941580756012,0.92096219931271472,0.044907003293920403,0.08247422680412371,0.070354141294956207,0.18008255958557129,0.11518745592339386,0.00082940212768353727
ntv2_100m,esm2_150m,NT v2 100M multi-species,ESM-2 150M,DNA,protein,0.067485660314559937,0.065035677879714579,0.95729214941060692,0.80183398744184797,0.50859106529209619,0.7903780068728522,0.8797250859106529,0.029648544092374145,0.072164948453608241,0.055169384926557541,0.19315893948078156,0.13749002554698161,-0.0061599351784332179
ntv2_100m,protbert,NT v2 100M multi-species,ProtBERT,DNA,protein,0.057688351720571518,0.071253822629969418,0.93495027650829798,0.78547856750558442,0.4845360824742268,0.74914089347079038,0.865979381443299,0.027238762944155146,0.068728522336769765,0.054828863590955734,0.18397557735443115,0.13411585510368523,-0.0091456562749944459
dnabert2,hyenadna,DNABERT-2,HyenaDNA large,DNA,DNA,0.51794940233230591,0.20611620795107036,0.99446269019472233,0.8600364032833312,0.62542955326460481,0.92439862542955331,0.97250859106529208,0.16181782406316064,0.21993127147766323,0.51764518022537231,0.19311125576496124,0.054273627492711009,0.00024526058944900758
dnabert2,rnafm,DNABERT-2,RNA-FM,DNA,RNA,0.61304426193237305,0.13598369011213052,0.97163796965614024,0.83653038160421855,0.53951890034364258,0.80068728522336774,0.88316151202749138,0.27976399046637213,0.21305841924398625,0.60815560817718506,0.21238130331039429,0.051240229060444585,-0.0027881378428174161
dnabert2,rinalmo,DNABERT-2,RiNALMo 150M,DNA,RNA,0.57130205631256104,0.15545361875637104,0.97221385002064853,0.84275503765360682,0.50859106529209619,0.81443298969072164,0.90034364261168387,0.24423702053449176,0.24054982817869416,0.56598520278930664,0.242738276720047,0.079277415408149504,0.0017455337790832082
dnabert2,mrnafm,DNABERT-2,mRNA-FM,DNA,RNA,0.084705069661140442,0.092660550458715601,0.9829965231165263,0.77570474542825174,0.34707903780068727,0.73195876288659789,0.85223367697594499,0.10599409773915276,0.17525773195876287,0.080367416143417358,0.25347885489463806,0.1214023913986331,-0.0058346459385949789
dnabert2,calm,DNABERT-2,CaLM,DNA,RNA,0.51738601922988892,0.1311926605504587,0.98515649896151603,0.83656022991831025,0.53951890034364258,0.84536082474226804,0.93814432989690721,0.12190571887285857,0.15463917525773196,0.51237177848815918,0.23681573569774628,0.12231214027953681,-0.0049833986976158956
dnabert2,esm2_8m,DNABERT-2,ESM-2 8M,DNA,protein,0.1486116498708725,0.08205912334352701,0.95424159427147048,0.76573735414527822,0.28865979381443296,0.61855670103092786,0.73883161512027495,0.11205079904616656,0.12371134020618557,0.13565313816070557,0.16536803543567657,0.10398125189119874,-0.022642332459434547
dnabert2,esm2_35m,DNABERT-2,ESM-2 35M,DNA,protein,0.1205899566411972,0.077879714576962286,0.95145906311956274,0.77297151689256249,0.31958762886597936,0.61168384879725091,0.73539518900343648,0.092651869233080428,0.16151202749140894,0.10717052966356277,0.16702242195606232,0.098288470816039017,-0.016069582979671301
dnabert2,esm2_150m,DNABERT-2,ESM-2 150M,DNA,protein,0.12244129180908203,0.072884811416921505,0.95086928763908829,0.76445521131617233,0.32646048109965636,0.65979381443298968,0.71821305841924399,0.06375154077761333,0.12027491408934708,0.11257915198802948,0.1898321807384491,0.13254242109930747,-0.01110753962610736
dnabert2,protbert,DNABERT-2,ProtBERT,DNA,protein,0.070736080408096313,0.083893985728848111,0.93579344606865766,0.7655347992498569,0.30584192439862545,0.63573883161512024,0.73539518900343648,0.044896188774731331,0.13058419243986255,0.065591223537921906,0.20459070801734924,0.13125095009801863,-0.012010561280661053
hyenadna,rnafm,HyenaDNA large,RNA-FM,DNA,RNA,0.39803946018218994,0.10601427115188583,0.98264457030808483,0.85225049450905499,0.62542955326460481,0.87628865979381443,0.93127147766323026,0.22811339838289443,0.40206185567010311,0.3919709324836731,0.15831725299358368,0.056601878148931653,0.0047593213821242528
hyenadna,rinalmo,HyenaDNA large,RiNALMo 150M,DNA,RNA,0.43105307221412659,0.10407747196738024,0.97916745455812915,0.78009640653295498,0.49140893470790376,0.79381443298969068,0.90721649484536082,0.19310427484905987,0.31615120274914088,0.42633828520774841,0.11831128597259521,0.078041444148069156,0.00050956251900285965
hyenadna,mrnafm,HyenaDNA large,mRNA-FM,DNA,RNA,0.054369032382965088,0.069011213047910303,0.98200522746076924,0.70550696871440188,0.27147766323024053,0.60481099656357384,0.71821305841924399,0.096228199188377883,0.12371134020618557,0.052558872848749161,0.1596972793340683,0.11924391608874345,-0.0079931212484846276
hyenadna,calm,HyenaDNA large,CaLM,DNA,RNA,0.36574661731719971,0.084913353720693183,0.98520579075172721,0.73558751373157838,0.34020618556701032,0.68384879725085912,0.78006872852233677,0.10626681163068477,0.10309278350515463,0.35191279649734497,0.12849397957324982,0.11822153226476759,-0.0090740067123851187
hyenadna,esm2_8m,HyenaDNA large,ESM-2 8M,DNA,protein,0.1612250804901123,0.052599388379204887,0.94446408292049966,0.66084511039046379,0.17869415807560138,0.40549828178694158,0.56357388316151202,0.10911614386953283,0.068728522336769765,0.14535018801689148,0.090166546404361725,0.12481817217172615,-0.0018054121789071315
hyenadna,esm2_35m,HyenaDNA large,ESM-2 35M,DNA,protein,0.14051499962806702,0.051376146788990829,0.93821021394163695,0.63912208568304929,0.16838487972508592,0.41237113402061853,0.54639175257731953,0.083420256055926109,0.096219931271477668,0.12773603200912476,0.093880228698253632,0.11583854800306137,0.0014804942073510519
hyenadna,esm2_150m,HyenaDNA large,ESM-2 150M,DNA,protein,0.11463385075330734,0.046890927624872576,0.95473080813699029,0.65166913800249848,0.18556701030927836,0.40893470790378006,0.59793814432989689,0.054157093892480829,0.058419243986254296,0.10311786830425262,0.099682241678237915,0.14213820286561626,-0.0015117578597985681
hyenadna,protbert,HyenaDNA large,ProtBERT,DNA,protein,0.073699772357940674,0.056982670744138632,0.93526210643933505,0.66704163450568388,0.23367697594501718,0.49828178694158076,0.66323024054982815,0.038517553790331907,0.054982817869415807,0.071811512112617493,0.11349201202392578,0.13901890350617171,-0.0042426078725079641
rnafm,rinalmo,RNA-FM,RiNALMo 150M,RNA,RNA,0.80928820371627808,0.24770642201834864,0.99530589848811313,0.93556593237172125,0.93127147766323026,1,1,0.48582333660674976,0.83161512027491413,0.80188161134719849,0.26203909516334534,0.086454171947510594,0.0089222903184442981
rnafm,mrnafm,RNA-FM,mRNA-FM,RNA,RNA,0.12553377449512482,0.080733944954128431,0.96208121222716614,0.72288279289245783,0.30584192439862545,0.61512027491408938,0.74226804123711343,0.2062082172143857,0.1134020618556701,0.12188313156366348,0.16878572106361389,0.11520813227608814,-0.012028905061139933
rnafm,calm,RNA-FM,CaLM,RNA,RNA,0.63153183460235596,0.10040774719673802,0.96339708920492961,0.80579347008072411,0.42268041237113402,0.74570446735395191,0.85910652920962194,0.19392488971768318,0.17525773195876287,0.63250094652175903,0.16681207716464996,0.13151637258284948,0.0042208336056967777
rnafm,esm2_8m,RNA-FM,ESM-2 8M,RNA,protein,0.25519090890884399,0.06687054026503568,0.91150034993882989,0.70428175805957438,0.21649484536082475,0.51202749140893467,0.63573883161512024,0.20414115755687048,0.099656357388316158,0.24948573112487793,0.13287554681301117,0.12110483669769596,-0.0055187476529373197
rnafm,esm2_35m,RNA-FM,ESM-2 35M,RNA,protein,0.19855712354183197,0.060550458715596327,0.91308407461546393,0.70617315412531034,0.21649484536082475,0.51890034364261173,0.62542955326460481,0.1753342939200252,0.089347079037800689,0.19061706960201263,0.12726506590843201,0.11898202527875243,0.0046239714830421108
rnafm,esm2_150m,RNA-FM,ESM-2 150M,RNA,protein,0.19964985549449921,0.057084607543323139,0.90843291229184941,0.70490175776108221,0.19587628865979381,0.49484536082474229,0.61512027491408938,0.10363986977498627,0.1134020618556701,0.19193693995475769,0.13217736780643463,0.14766731807930272,0.0040173573538878904
rnafm,protbert,RNA-FM,ProtBERT,RNA,protein,0.11553291976451874,0.057798165137614682,0.90215800082870612,0.69195664982279681,0.20618556701030927,0.47766323024054985,0.60137457044673537,0.083060220618091693,0.10652920962199312,0.11158815026283264,0.13416777551174164,0.14327952328104188,1.8011902362197185e-05
rinalmo,mrnafm,RiNALMo 150M,mRNA-FM,RNA,RNA,0.18213815987110138,0.11529051987767583,0.96701261076335177,0.78183746532717646,0.49140893470790376,0.7903780068728522,0.86254295532646053,0.25909679966536919,0.20618556701030927,0.17602333426475525,0.20746493339538574,0.12258757741058746,-0.00464945992664062
rinalmo,calm,RiNALMo 150M,CaLM,RNA,RNA,0.68051522970199585,0.1760448521916412,0.96614635065463628,0.86707877225626839,0.59106529209621994,0.85910652920962194,0.92096219931271472,0.25408648830715785,0.38144329896907214,0.67128098011016846,0.27158200740814209,0.11926469515405871,-0.0080308438230939916
rinalmo,esm2_8m,RiNALMo 150M,ESM-2 8M,RNA,protein,0.33908024430274963,0.12956167176350664,0.94429120944451739,0.83975710635114731,0.48797250859106528,0.78350515463917525,0.87628865979381443,0.22652615362626227,0.32989690721649484,0.32529172301292419,0.23189377784729004,0.11216075030843072,-0.014462834042202569
rinalmo,esm2_35m,RiNALMo 150M,ESM-2 35M,RNA,protein,0.26807549595832825,0.1140672782874618,0.94289826466506688,0.83512609592507603,0.47766323024054985,0.76975945017182135,0.85567010309278346,0.18063868893191901,0.29209621993127149,0.25327363610267639,0.2049829363822937,0.10660072963618608,-0.007757324159524237
rinalmo,esm2_150m,RiNALMo 150M,ESM-2 150M,RNA,protein,0.29072323441505432,0.10611620795107032,0.93369995642962689,0.83142920218726513,0.50859106529209619,0.78694158075601373,0.86941580756013748,0.15036728689474133,0.2611683848797251,0.2787630558013916,0.21225571632385254,0.13806919267256113,-0.0055807680528537074
rinalmo,protbert,RiNALMo 150M,ProtBERT,RNA,protein,0.16656503081321716,0.099082568807339455,0.91210338578614358,0.80765598482918755,0.4329896907216495,0.72508591065292094,0.81786941580756012,0.12230157100592468,0.23711340206185566,0.16001056134700775,0.21262745559215546,0.13231026490688633,-0.010951246471793352
mrnafm,calm,mRNA-FM,CaLM,RNA,RNA,0.16342669725418091,0.15830784913353721,0.98319422843488691,0.84812428933413597,0.61855670103092786,0.88316151202749138,0.94845360824742264,0.13397035132810259,0.29896907216494845,0.15558384358882904,0.36620980501174927,0.14842549473668656,0.021129955759533858
mrnafm,esm2_8m,mRNA-FM,ESM-2 8M,RNA,protein,0.046185258775949478,0.11294597349643222,0.9346733736690096,0.81045213961152895,0.46391752577319589,0.77319587628865982,0.85910652920962194,0.10647844887309635,0.20274914089347079,0.035365201532840729,0.29345065355300903,0.14879097353995702,0.021553936202728941
mrnafm,esm2_35m,mRNA-FM,ESM-2 35M,RNA,protein,0.036923911422491074,0.099490316004077484,0.93966569187358595,0.81197382058915013,0.4329896907216495,0.73195876288659789,0.84536082474226804,0.084961320596863357,0.21993127147766323,0.028062494471669197,0.28704729676246643,0.14914672045132688,0.021909683114098799
mrnafm,esm2_150m,mRNA-FM,ESM-2 150M,RNA,protein,0.040512297302484512,0.092966360856269123,0.9293277435678351,0.81050844435929936,0.40549828178694158,0.76632302405498287,0.85223367697594499,0.046848123459523411,0.24054982817869416,0.032149888575077057,0.28484269976615906,0.16424676537908695,0.020596804653672113
mrnafm,protbert,mRNA-FM,ProtBERT,RNA,protein,0.29486018419265747,0.10703363914373089,0.92226725027376755,0.81589471002405778,0.4329896907216495,0.79381443298969068,0.9106529209621993,0.28834266578225726,0.25085910652920962,0.29216897487640381,0.29398944973945618,0.16415455972256052,0.020893048343880838
calm,esm2_8m,CaLM,ESM-2 8M,RNA,protein,0.43329361081123352,0.23741080530071357,0.97336996845562251,0.93547825474016066,0.83505154639175261,0.96563573883161513,0.97938144329896903,0.4214120163459385,0.70790378006872856,0.39803078770637512,0.39168566465377808,0.13648833592493673,0.009192796947784021
calm,esm2_35m,CaLM,ESM-2 35M,RNA,protein,0.43968218564987183,0.25208970438328238,0.97573952102900019,0.94014292535942712,0.83505154639175261,0.9553264604810997,0.98281786941580751,0.47107150936020226,0.77319587628865982,0.41480496525764465,0.41108807921409607,0.13588917400541362,0.0085936350282609097
calm,esm2_150m,CaLM,ESM-2 150M,RNA,protein,0.44794821739196777,0.21590214067278288,0.97582222388035733,0.93808807754587775,0.865979381443299,0.98969072164948457,0.99656357388316152,0.41501044797467013,0.76975945017182135,0.4289385974407196,0.41420149803161621,0.14792294567106642,0.0042729849456515923
calm,protbert,CaLM,ProtBERT,RNA,protein,0.30880147218704224,0.16258919469928645,0.96662394309864585,0.9174728594939181,0.79381443298969068,0.97250859106529208,0.98281786941580751,0.25000850090669952,0.68384879725085912,0.30386286973953247,0.41344234347343445,0.1488427491706785,0.0055812377919988165
esm2_8m,esm2_35m,ESM-2 8M,ESM-2 35M,protein,protein,0.74392610788345337,0.44179408766564726,0.99027644075237431,0.97279829342035617,0.9553264604810997,1,1,0.72923299636434846,0.865979381443299,0.73465460538864136,0.57980936765670776,0.12298920023177225,-0.0036343841188610365
esm2_8m,esm2_150m,ESM-2 8M,ESM-2 150M,protein,protein,0.55314874649047852,0.29582059123343524,0.98445752124873365,0.95681314413570262,0.94158075601374569,0.9862542955326461,0.99656357388316152,0.39136866043803897,0.80756013745704469,0.54065573215484619,0.47764885425567627,0.14453358795192478,0.00088362722650994763
esm2_8m,protbert,ESM-2 8M,ProtBERT,protein,protein,0.19900940358638763,0.13924566768603469,0.96939526856588309,0.93245840812575143,0.81786941580756012,0.98281786941580751,0.98969072164948457,0.084835564885102813,0.63230240549828176,0.18885467946529388,0.3179536759853363,0.14992140350971678,0.0066598921310370984
esm2_35m,esm2_150m,ESM-2 35M,ESM-2 150M,protein,protein,0.69348055124282837,0.38501529051987771,0.98850767237410486,0.96844385023487367,0.94845360824742264,0.99312714776632305,1,0.57644009072321056,0.89347079037800692,0.68758195638656616,0.58525234460830688,0.1382346768097516,-0.0054152839156632326
esm2_35m,protbert,ESM-2 35M,ProtBERT,protein,protein,0.21870124340057373,0.14576962283384301,0.97811463028370993,0.93093704576417724,0.84192439862542956,0.98281786941580751,0.99312714776632305,0.10575592913900228,0.71821305841924399,0.2101258784532547,0.34067067503929138,0.14583230682626763,0.0025707954475879535
esm2_150m,protbert,ESM-2 150M,ProtBERT,protein,protein,0.31167897582054138,0.15076452599388379,0.98066316975797441,0.94071706818479173,0.87285223367697595,0.98969072164948457,0.99312714776632305,0.15588902851445888,0.72508591065292094,0.30577093362808228,0.3883245587348938,0.15874209363580261,0.015092132910387773
