encoder,modality,Expression R2,Expression SD,"Expression R2, 10 assignments","Expression SD, 10 assignments"
NT 500M human-ref,DNA,0.034115612496658301,0.025150136716957764,0.03930459067228665,0.0071177154839254953
NT v2 100M multi-species,DNA,0.036141731155588816,0.02967288539629636,0.040783142910133838,0.0078338544818772823
DNABERT-2,DNA,0.032693805565176384,0.028371587172674576,0.047262763119337935,0.0087548523197691908
HyenaDNA large,DNA,0.030582010247548197,0.028267891640372134,0.038433007619396775,0.0080362958735393404
RNA-FM,RNA,0.14898420059130518,0.03657358072189551,0.16148623329454817,0.0078979916607675935
RiNALMo 150M,RNA,0.14915572085533227,0.046830961811429532,0.14963081359710595,0.012655849074638138
mRNA-FM,RNA,0.17162919999360887,0.044351812747140305,0.17579382188962375,0.0082734186093615918
CaLM,RNA,0.11996937343480329,0.031637244333332877,0.11932648404673181,0.01029098064068799
ESM-2 8M,protein,0.091245166793855442,0.022385127183784496,0.098671029467364113,0.009347896892644569
ESM-2 35M,protein,0.10422684304582785,0.031315043017172556,0.11336597708392988,0.0078606364322078796
ESM-2 150M,protein,0.12980097777843844,0.043054503608109293,0.13840003426067873,0.0087699033132450383
ProtBERT,protein,0.16308569868992498,0.039957493032091708,0.16377348646625173,0.012151219502582116
