a,b,encoder_a,encoder_b,modality_a,modality_b,Linear CKA,Mutual k-NN,First canonical correlation,Recall@1,Linear CKA after control,Recall@1 after control,pinned_concat_r2,pinned_gain
nt500m,ntv2_100m,NT 500M human-ref,NT v2 100M multi-species,DNA,DNA,0.93283408880233765,0.49509509509509514,0.99782492591064786,0.95297805642633227,0.91252426432224387,0.98746081504702199,0.03532138843008515,-0.00082034272550366577
nt500m,dnabert2,NT 500M human-ref,DNABERT-2,DNA,DNA,0.68333840370178223,0.19419419419419423,0.98671456191842277,0.72100313479623823,0.45526771320339637,0.80877742946708464,0.034104507887705672,-1.1104608952629269e-05
nt500m,hyenadna,NT 500M human-ref,HyenaDNA large,DNA,DNA,0.91516995429992676,0.37087087087087089,0.9971560592322688,0.88714733542319746,0.86927788491997726,0.93103448275862066,0.035035230252534647,0.0009196177558763452
nt500m,rnafm,NT 500M human-ref,RNA-FM,DNA,RNA,0.37267035245895386,0.029729729729729728,0.80493858881330016,0.0094043887147335428,0.084188391504316382,0.38244514106583072,0.13316229030379401,-0.015821910287511176
nt500m,rinalmo,NT 500M human-ref,RiNALMo 150M,DNA,RNA,0.38985854387283325,0.032432432432432434,0.81872656979304126,0.040752351097178681,0.09891909811209644,0.25705329153605017,0.14091221609861307,-0.0082435047567191999
nt500m,mrnafm,NT 500M human-ref,mRNA-FM,DNA,RNA,0.038604293018579483,0.022722722722722723,0.75898828216467296,0.006269592476489028,0.038996109126879827,0.33542319749216298,0.19701622769882907,0.025387027705220194
nt500m,calm,NT 500M human-ref,CaLM,DNA,RNA,0.24353562295436859,0.025725725725725727,0.77108215010980385,0.012539184952978056,0.11100484532946298,0.25705329153605017,0.14828045203264528,0.028311078597841988
nt500m,esm2_8m,NT 500M human-ref,ESM-2 8M,DNA,protein,0.064066573977470398,0.019119119119119121,0.40685196476617141,0.006269592476489028,0.081719570474484041,0.19749216300940439,0.11652605502774091,0.025280888233885468
nt500m,esm2_35m,NT 500M human-ref,ESM-2 35M,DNA,protein,0.050911016762256622,0.020120120120120117,0.40601393196637942,0.0094043887147335428,0.077847881922593662,0.20376175548589343,0.11890664010280776,0.014679797056979901
nt500m,esm2_150m,NT 500M human-ref,ESM-2 150M,DNA,protein,0.046663887798786163,0.018818818818818819,0.45701925773666613,0.0094043887147335428,0.069078561882773781,0.25391849529780564,0.15283192525845898,0.023030947480020547
nt500m,protbert,NT 500M human-ref,ProtBERT,DNA,protein,0.022169498726725578,0.016516516516516516,0.46883122320395004,0,0.068229987312693863,0.37304075235109718,0.19330951080447473,0.030223812114549747
ntv2_100m,dnabert2,NT v2 100M multi-species,DNABERT-2,DNA,DNA,0.68987005949020386,0.1954954954954955,0.98372098615731651,0.66771159874608155,0.52712350812389663,0.85579937304075238,0.034398838148924131,-0.001742893006664685
ntv2_100m,hyenadna,NT v2 100M multi-species,HyenaDNA large,DNA,DNA,0.93283414840698242,0.34584584584584582,0.99794376863195611,0.85266457680250785,0.80877174900755211,0.88714733542319746,0.038607517406673605,0.0024657862510847894
ntv2_100m,rnafm,NT v2 100M multi-species,RNA-FM,DNA,RNA,0.44219592213630676,0.029129129129129131,0.78953434103899534,0.028213166144200628,0.10664697351688351,0.34169278996865204,0.15464539162389759,0.0056611910325924109
ntv2_100m,rinalmo,NT v2 100M multi-species,RiNALMo 150M,DNA,RNA,0.46382641792297363,0.034134134134134131,0.79956938472838046,0.021943573667711599,0.12521330096457378,0.20062695924764889,0.16776461996724318,0.018608899111910909
ntv2_100m,mrnafm,NT v2 100M multi-species,mRNA-FM,DNA,RNA,0.04340226948261261,0.023223223223223226,0.74878319553391348,0.025078369905956112,0.05098235323905289,0.2884012539184953,0.20109982981774238,0.02947062982413351
ntv2_100m,calm,NT v2 100M multi-species,CaLM,DNA,RNA,0.28796634078025818,0.028828828828828829,0.76273481306516622,0.025078369905956112,0.14884233088649382,0.21316614420062696,0.15468374062711407,0.034714367192310774
ntv2_100m,esm2_8m,NT v2 100M multi-species,ESM-2 8M,DNA,protein,0.071468845009803772,0.023023023023023025,0.45170843377730269,0.006269592476489028,0.10974274662118876,0.17241379310344829,0.13440246319942725,0.04315729640557181
ntv2_100m,esm2_35m,NT v2 100M multi-species,ESM-2 35M,DNA,protein,0.057062041014432907,0.022722722722722726,0.45304645230204477,0.003134796238244514,0.10741994359420275,0.17241379310344829,0.1349206629849769,0.030693819939149047
ntv2_100m,esm2_150m,NT v2 100M multi-species,ESM-2 150M,DNA,protein,0.051351364701986313,0.021921921921921921,0.45493361786688319,0.012539184952978056,0.097223474702869683,0.16614420062695925,0.1566608845591943,0.026859906780755866
ntv2_100m,protbert,NT v2 100M multi-species,ProtBERT,DNA,protein,0.023362856358289719,0.018518518518518517,0.45568501347908075,0.015673981191222569,0.1000197269876147,0.2884012539184953,0.20078502823266051,0.037699329542735527
dnabert2,hyenadna,DNABERT-2,HyenaDNA large,DNA,DNA,0.63775855302810669,0.1738738738738739,0.98806259233731153,0.65830721003134796,0.36913528947623175,0.82445141065830718,0.035699138833734975,0.003005333268558591
dnabert2,rnafm,DNABERT-2,RNA-FM,DNA,RNA,0.30537647008895874,0.03003003003003003,0.77913147027360752,0.012539184952978056,0.11227693292001528,0.39498432601880878,0.1296758950199603,-0.019308305571344886
dnabert2,rinalmo,DNABERT-2,RiNALMo 150M,DNA,RNA,0.31855252385139465,0.034634634634634634,0.78640238639506232,0.015673981191222569,0.13098867911127049,0.29153605015673983,0.14184432419618762,-0.0073113966591446533
dnabert2,mrnafm,DNABERT-2,mRNA-FM,DNA,RNA,0.029934382066130638,0.024024024024024024,0.70409436329336639,0.0094043887147335428,0.062058243272418268,0.37617554858934171,0.1946988360128511,0.023069636019242223
dnabert2,calm,DNABERT-2,CaLM,DNA,RNA,0.19028842449188232,0.027127127127127129,0.73581845685170677,0.003134796238244514,0.19380677889585554,0.28213166144200624,0.14578941055099431,0.025820037116191019
dnabert2,esm2_8m,DNABERT-2,ESM-2 8M,DNA,protein,0.054077118635177612,0.019719719719719718,0.21015839113210733,0.0094043887147335428,0.13916545930205967,0.21630094043887146,0.11846530048096041,0.027220133687104964
dnabert2,esm2_35m,DNABERT-2,ESM-2 35M,DNA,protein,0.043356198817491531,0.01941941941941942,0.44176812318563047,0,0.16373829169192247,0.16300940438871472,0.11913739610624378,0.014910553060415929
dnabert2,esm2_150m,DNABERT-2,ESM-2 150M,DNA,protein,0.037870358675718307,0.020520520520520519,0.46771924749678223,0.006269592476489028,0.12313366709937618,0.2445141065830721,0.14720441405718399,0.017403436278745549
dnabert2,protbert,DNABERT-2,ProtBERT,DNA,protein,0.019361348822712898,0.016816816816816817,0.43567860661407137,0.0094043887147335428,0.11749344244513686,0.34482758620689657,0.19688009053850714,0.033794391848582156
hyenadna,rnafm,HyenaDNA large,RNA-FM,DNA,RNA,0.38773763179779053,0.027027027027027029,0.77983555643546376,0.025078369905956112,0.049578116892301322,0.27586206896551724,0.15102495628310514,0.0020407556917999559
hyenadna,rinalmo,HyenaDNA large,RiNALMo 150M,DNA,RNA,0.39912158250808716,0.030830830830830835,0.79158006712898843,0.0094043887147335428,0.050719284662672018,0.15360501567398119,0.1501626545817368,0.0010069337264045353
hyenadna,mrnafm,HyenaDNA large,mRNA-FM,DNA,RNA,0.037990450859069824,0.020420420420420419,0.72794616867406103,0.012539184952978056,0.019488021204341791,0.2413793103448276,0.1891145616889888,0.017485361695379925
hyenadna,calm,HyenaDNA large,CaLM,DNA,RNA,0.2471751868724823,0.024324324324324322,0.76509747587036392,0.018808777429467086,0.058365425496914217,0.17241379310344829,0.14206459490511972,0.022095221470316423
hyenadna,esm2_8m,HyenaDNA large,ESM-2 8M,DNA,protein,0.05997004359960556,0.018018018018018018,0.42443962516644151,0.0094043887147335428,0.042949903366367677,0.11598746081504702,0.12571516673051428,0.034469999936658835
hyenadna,esm2_35m,HyenaDNA large,ESM-2 35M,DNA,protein,0.047143343836069107,0.020320320320320322,0.43880855978106004,0.006269592476489028,0.042153175070473413,0.14106583072100312,0.1295954276151326,0.025368584569304742
hyenadna,esm2_150m,HyenaDNA large,ESM-2 150M,DNA,protein,0.041780184954404831,0.01781781781781782,0.50452807289075441,0.006269592476489028,0.040239863833282284,0.12852664576802508,0.15636201188276305,0.026561034104324616
hyenadna,protbert,HyenaDNA large,ProtBERT,DNA,protein,0.019975874572992325,0.018618618618618622,0.49645547352808411,0.012539184952978056,0.0385869338868427,0.18808777429467086,0.1889568090195955,0.025871110329670516
rnafm,rinalmo,RNA-FM,RiNALMo 150M,RNA,RNA,0.84498822689056396,0.25215215215215214,0.9965093382022443,0.88714733542319746,0.53041189878864292,0.90909090909090906,0.16191844178953141,0.01276272093419914
rnafm,mrnafm,RNA-FM,mRNA-FM,RNA,RNA,0.087774500250816345,0.042742742742742736,0.89849771286924007,0.11598746081504702,0.060759170974794809,0.35736677115987459,0.20015678383305574,0.028527583839446868
rnafm,calm,RNA-FM,CaLM,RNA,RNA,0.48671609163284302,0.061861861861861857,0.89486438173627858,0.18808777429467086,0.16088519450724939,0.20689655172413793,0.17308579566887997,0.024101595077574783
rnafm,esm2_8m,RNA-FM,ESM-2 8M,RNA,protein,0.18389838933944702,0.041441441441441441,0.71132554048496965,0.087774294670846395,0.10738666238330312,0.2476489028213166,0.15339769622285665,0.0044134956315514673
rnafm,esm2_35m,RNA-FM,ESM-2 35M,RNA,protein,0.15729245543479919,0.040440440440440449,0.69492808866013289,0.097178683385579931,0.11682208384610701,0.20689655172413793,0.1550749730253424,0.0060907724340372171
rnafm,esm2_150m,RNA-FM,ESM-2 150M,RNA,protein,0.15920251607894897,0.040940940940940938,0.7180864792815993,0.10031347962382445,0.13812512890151848,0.2445141065830721,0.17775045648794907,0.028766255896643889
rnafm,protbert,RNA-FM,ProtBERT,RNA,protein,0.090566530823707581,0.036536536536536539,0.72379555285009489,0.094043887147335428,0.13089301741329948,0.34482758620689657,0.2097988623574743,0.046713163667549323
rinalmo,mrnafm,RiNALMo 150M,mRNA-FM,RNA,RNA,0.079305097460746765,0.062762762762762769,0.91047261102655574,0.23824451410658307,0.05652922331747038,0.31974921630094044,0.20328206748996741,0.031652867496358539
rinalmo,calm,RiNALMo 150M,CaLM,RNA,RNA,0.52423381805419922,0.10760760760760761,0.91130301165813266,0.36990595611285265,0.21658120328793207,0.33855799373040751,0.16728215694407572,0.018126436088743453
rinalmo,esm2_8m,RiNALMo 150M,ESM-2 8M,RNA,protein,0.24061577022075653,0.078778778778778771,0.88692570966347084,0.25391849529780564,0.17196792340593869,0.29780564263322884,0.15787038591859207,0.0087146650632597966
rinalmo,esm2_35m,RiNALMo 150M,ESM-2 35M,RNA,protein,0.20741264522075653,0.07337337337337338,0.8870486098637842,0.26332288401253917,0.15880340810977911,0.2413793103448276,0.1634082702232485,0.014252549367916229
rinalmo,esm2_150m,RiNALMo 150M,ESM-2 150M,RNA,protein,0.21288818120956421,0.070770770770770777,0.8856491171517491,0.21630094043887146,0.17108807100125398,0.28213166144200624,0.18438379797637267,0.035228077121040396
rinalmo,protbert,RiNALMo 150M,ProtBERT,RNA,protein,0.088779106736183167,0.054354354354354352,0.86394598222294572,0.20062695924764889,0.11621409932291078,0.31661442006269591,0.20307540047632616,0.039989701786401183
mrnafm,calm,mRNA-FM,CaLM,RNA,RNA,0.23764272034168243,0.14484484484484483,0.98273724090211434,0.59247648902821315,0.15179963069134009,0.52978056426332287,0.17843584668648821,0.0068066466928793368
mrnafm,esm2_8m,mRNA-FM,ESM-2 8M,RNA,protein,0.12082341313362122,0.10700700700700701,0.94208494514383945,0.4670846394984326,0.080341964347876285,0.42319749216300939,0.18091645192127842,0.0092872519276695487
mrnafm,esm2_35m,mRNA-FM,ESM-2 35M,RNA,protein,0.13347870111465454,0.10010010010010012,0.94225317516083174,0.38871473354231972,0.095837518332421101,0.38557993730407525,0.17698376644660818,0.0053545664529993098
mrnafm,esm2_150m,mRNA-FM,ESM-2 150M,RNA,protein,0.15159523487091064,0.095495495495495505,0.93271386342156626,0.41379310344827586,0.11058614549306095,0.41065830721003133,0.19187868551818155,0.020249485524572675
mrnafm,protbert,mRNA-FM,ProtBERT,RNA,protein,0.436932772397995,0.09979979979979979,0.93349427084415226,0.36990595611285265,0.34481233217128132,0.49843260188087773,0.19355810624838307,0.0219289062547742
calm,esm2_8m,CaLM,ESM-2 8M,RNA,protein,0.53670072555541992,0.25825825825825827,0.97724125827481045,0.82758620689655171,0.51514139963173589,0.7931034482758621,0.12887047408703237,0.0089011006522290714
calm,esm2_35m,CaLM,ESM-2 35M,RNA,protein,0.55119508504867554,0.26396396396396399,0.97497741218064482,0.80250783699059558,0.55560519972797451,0.81818181818181823,0.12695052397512285,0.0069811505403195584
calm,esm2_150m,CaLM,ESM-2 150M,RNA,protein,0.54185616970062256,0.23613613613613618,0.97292988046364093,0.79937304075235105,0.50857088852723831,0.77742946708463945,0.14021143540470823,0.010410457626269798
calm,protbert,CaLM,ProtBERT,RNA,protein,0.40422308444976807,0.15075075075075078,0.96379014559798393,0.68965517241379315,0.35229635748186849,0.70219435736677116,0.1716133866768613,0.0085276879869363165
esm2_8m,esm2_35m,ESM-2 8M,ESM-2 35M,protein,protein,0.77048605680465698,0.4383383383383383,0.99027623913110796,0.95924764890282133,0.61802472283373289,0.86206896551724133,0.1023786835529604,-0.0018481594928674572
esm2_8m,esm2_150m,ESM-2 8M,ESM-2 150M,protein,protein,0.61756551265716553,0.31901901901901908,0.98493590878081883,0.92789968652037613,0.46072457252184473,0.7931034482758621,0.13313437061687144,0.003333392838433008
esm2_8m,protbert,ESM-2 8M,ProtBERT,protein,protein,0.26651427149772644,0.17527527527527531,0.97705079848546927,0.80877742946708464,0.17701128594159668,0.65830721003134796,0.16830129196197316,0.0052155932720481801
esm2_35m,esm2_150m,ESM-2 35M,ESM-2 150M,protein,protein,0.76433348655700684,0.42712712712712714,0.98855806832471893,0.94357366771159878,0.68008129340645995,0.90595611285266453,0.12281384921410612,-0.0069871285643323122
esm2_35m,protbert,ESM-2 35M,ProtBERT,protein,protein,0.33013054728507996,0.19219219219219219,0.97776284788068246,0.85266457680250785,0.27900739903432126,0.65203761755485889,0.16579611415626963,0.0027104154663446511
esm2_150m,protbert,ESM-2 150M,ProtBERT,protein,protein,0.42724016308784485,0.18378378378378379,0.98007309044381674,0.85266457680250785,0.36062772158323475,0.75548589341692785,0.17019185556542685,0.0071061568755018678
