a,b,assignment_seed,gain
nt500m,ntv2_100m,0,0.0012139667193763956
nt500m,ntv2_100m,1,0.0020974138052024388
nt500m,ntv2_100m,2,0.0010069768404493903
nt500m,ntv2_100m,3,-0.00011472915005052153
nt500m,ntv2_100m,4,-0.0002313227475441923
nt500m,ntv2_100m,5,-0.00084656999572400859
nt500m,ntv2_100m,6,-0.00014387381742154287
nt500m,ntv2_100m,7,0.00040208594820296401
nt500m,ntv2_100m,8,9.3256584897574712e-05
nt500m,ntv2_100m,9,0.00049771214314853207
nt500m,dnabert2,0,-0.0067730281967320199
nt500m,dnabert2,1,-0.0055530572333288286
nt500m,dnabert2,2,-0.0059811262142018748
nt500m,dnabert2,3,-0.0033080898395260114
nt500m,dnabert2,4,-0.0049827785073134137
nt500m,dnabert2,5,-0.00056172607332757862
nt500m,dnabert2,6,-0.0049788927493902291
nt500m,dnabert2,7,-0.0019250630154116904
nt500m,dnabert2,8,-0.0029480019056326509
nt500m,dnabert2,9,-0.0017130006862941527
nt500m,hyenadna,0,0.00036197352783466641
nt500m,hyenadna,1,0.001756350952466304
nt500m,hyenadna,2,-0.00065115567682899611
nt500m,hyenadna,3,-0.00018254176243091141
nt500m,hyenadna,4,0.00073468339620987727
nt500m,hyenadna,5,-0.0018782838307180791
nt500m,hyenadna,6,1.7486007356889988e-05
nt500m,hyenadna,7,0.0027888811530914423
nt500m,hyenadna,8,0.002354752988963843
nt500m,hyenadna,9,0.001425319645262553
nt500m,rnafm,0,-0.009169410517834542
nt500m,rnafm,1,-0.014828813840434496
nt500m,rnafm,2,-0.017575588841027584
nt500m,rnafm,3,-0.024394964581137601
nt500m,rnafm,4,-0.032414762906381456
nt500m,rnafm,5,-0.033598248067058661
nt500m,rnafm,6,-0.031736019934807624
nt500m,rnafm,7,-0.018283832331557087
nt500m,rnafm,8,-0.013921043562405977
nt500m,rnafm,9,-0.019503505693576229
nt500m,rinalmo,0,-0.0051235684629232503
nt500m,rinalmo,1,-0.0039460210486585434
nt500m,rinalmo,2,-9.6535435730460417e-06
nt500m,rinalmo,3,-0.020719986148289571
nt500m,rinalmo,4,-0.019477694744551993
nt500m,rinalmo,5,-0.01012423308395452
nt500m,rinalmo,6,0.0017296901864109482
nt500m,rinalmo,7,-0.0052983707141829872
nt500m,rinalmo,8,0.0056823332596080411
nt500m,rinalmo,9,-0.014991450951657576
nt500m,mrnafm,0,0.021332105969138371
nt500m,mrnafm,1,0.024886470743702122
nt500m,mrnafm,2,0.023490743564484329
nt500m,mrnafm,3,0.01600944010256164
nt500m,mrnafm,4,0.015879648856328366
nt500m,mrnafm,5,0.012879107214689628
nt500m,mrnafm,6,0.024069628046519687
nt500m,mrnafm,7,0.020651754025725666
nt500m,mrnafm,8,0.023998212818136078
nt500m,mrnafm,9,0.017091098139293104
nt500m,calm,0,0.026024057633571296
nt500m,calm,1,0.029742897038011779
nt500m,calm,2,0.033918097530318214
nt500m,calm,3,0.017700425799279301
nt500m,calm,4,0.017894573471567449
nt500m,calm,5,0.024030076136061479
nt500m,calm,6,0.0270887504242526
nt500m,calm,7,0.02128826730909239
nt500m,calm,8,0.023878095761256934
nt500m,calm,9,0.020965848388190531
nt500m,esm2_8m,0,0.020434597458663495
nt500m,esm2_8m,1,0.028587078592176698
nt500m,esm2_8m,2,0.028653334544473483
nt500m,esm2_8m,3,0.0095048819238271742
nt500m,esm2_8m,4,0.012067315541907139
nt500m,esm2_8m,5,0.011202957702858521
nt500m,esm2_8m,6,0.010689901567361534
nt500m,esm2_8m,7,0.027188772215684512
nt500m,esm2_8m,8,0.019871517577506867
nt500m,esm2_8m,9,0.01017920904945116
nt500m,esm2_35m,0,0.011364724989715635
nt500m,esm2_35m,1,0.023796528421012181
nt500m,esm2_35m,2,0.02271270469327645
nt500m,esm2_35m,3,0.0058105378385044509
nt500m,esm2_35m,4,0.0012532372274411396
nt500m,esm2_35m,5,0.0089897940169341162
nt500m,esm2_35m,6,0.011129154674674832
nt500m,esm2_35m,7,0.018364811211008747
nt500m,esm2_35m,8,0.019905798287112947
nt500m,esm2_35m,9,0.0084061480472399641
nt500m,esm2_150m,0,0.016124793799331516
nt500m,esm2_150m,1,0.022403850520567203
nt500m,esm2_150m,2,0.019077171828949635
nt500m,esm2_150m,3,0.0087814178289161715
nt500m,esm2_150m,4,0.0071808721927446584
nt500m,esm2_150m,5,0.011314209049815144
nt500m,esm2_150m,6,0.013864008676993445
nt500m,esm2_150m,7,0.018930950579450434
nt500m,esm2_150m,8,0.018611382312367808
nt500m,esm2_150m,9,0.016062291503420478
nt500m,protbert,0,0.031168704077209175
nt500m,protbert,1,0.030144077004180259
nt500m,protbert,2,0.038382287622011707
nt500m,protbert,3,0.026883076884001822
nt500m,protbert,4,0.019595646041324161
nt500m,protbert,5,0.024498168279226823
nt500m,protbert,6,0.030725243867938679
nt500m,protbert,7,0.027359503658488216
nt500m,protbert,8,0.032674126473265647
nt500m,protbert,9,0.025202083262771902
ntv2_100m,dnabert2,0,-0.0025678268980394367
ntv2_100m,dnabert2,1,-0.002764206030468723
ntv2_100m,dnabert2,2,-0.0023282997732440927
ntv2_100m,dnabert2,3,-0.0034887236531714258
ntv2_100m,dnabert2,4,-0.0017700894307767778
ntv2_100m,dnabert2,5,-0.0023610032016123245
ntv2_100m,dnabert2,6,-0.0038497007075655905
ntv2_100m,dnabert2,7,-0.00094617832266161161
ntv2_100m,dnabert2,8,9.2685458731645021e-05
ntv2_100m,dnabert2,9,-0.003286448421005235
ntv2_100m,hyenadna,0,0.0032758843755568007
ntv2_100m,hyenadna,1,0.0026737586147287246
ntv2_100m,hyenadna,2,0.0019544971765336275
ntv2_100m,hyenadna,3,0.0022391608409094155
ntv2_100m,hyenadna,4,0.0013852741788007161
ntv2_100m,hyenadna,5,0.0013306876504124154
ntv2_100m,hyenadna,6,0.0033354589102954496
ntv2_100m,hyenadna,7,0.0017942467904236287
ntv2_100m,hyenadna,8,8.3637020172860899e-05
ntv2_100m,hyenadna,9,0.00036331453644652956
ntv2_100m,rnafm,0,0.0059283268270237111
ntv2_100m,rnafm,1,0.0048338959090171718
ntv2_100m,rnafm,2,0.0028667717147379534
ntv2_100m,rnafm,3,-0.0063206418111950158
ntv2_100m,rnafm,4,-0.00041596177916111698
ntv2_100m,rnafm,5,-0.0027147969443258035
ntv2_100m,rnafm,6,-0.015668378414920553
ntv2_100m,rnafm,7,-0.0044633035452761316
ntv2_100m,rnafm,8,0.0080088055535873504
ntv2_100m,rnafm,9,-0.0028361675777671957
ntv2_100m,rinalmo,0,0.0055609754173012726
ntv2_100m,rinalmo,1,0.0070400101892622857
ntv2_100m,rinalmo,2,0.015277524593044989
ntv2_100m,rinalmo,3,-0.0014668112779839537
ntv2_100m,rinalmo,4,0.0073506959696334473
ntv2_100m,rinalmo,5,0.0064809555307799582
ntv2_100m,rinalmo,6,0.0089249488793975984
ntv2_100m,rinalmo,7,0.005632747487696127
ntv2_100m,rinalmo,8,0.013035910121629968
ntv2_100m,rinalmo,9,-0.0024536521862578986
ntv2_100m,mrnafm,0,0.025425091567860242
ntv2_100m,mrnafm,1,0.030654535968521218
ntv2_100m,mrnafm,2,0.030275767123749103
ntv2_100m,mrnafm,3,0.027360209056704804
ntv2_100m,mrnafm,4,0.025058098810417789
ntv2_100m,mrnafm,5,0.022222554686769203
ntv2_100m,mrnafm,6,0.029784086909090984
ntv2_100m,mrnafm,7,0.026427800830222392
ntv2_100m,mrnafm,8,0.029809836237641746
ntv2_100m,mrnafm,9,0.023694163007947883
ntv2_100m,calm,0,0.032268589269906611
ntv2_100m,calm,1,0.036823705050815475
ntv2_100m,calm,2,0.043096233780434368
ntv2_100m,calm,3,0.033038112350758209
ntv2_100m,calm,4,0.028063803435784102
ntv2_100m,calm,5,0.035351587451617483
ntv2_100m,calm,6,0.034681836527097415
ntv2_100m,calm,7,0.035178735747194989
ntv2_100m,calm,8,0.03563224824103059
ntv2_100m,calm,9,0.029919337418815903
ntv2_100m,esm2_8m,0,0.032858865303739965
ntv2_100m,esm2_8m,1,0.040015855312766926
ntv2_100m,esm2_8m,2,0.043422363724089086
ntv2_100m,esm2_8m,3,0.033398764948569665
ntv2_100m,esm2_8m,4,0.035868790880239199
ntv2_100m,esm2_8m,5,0.029918729471240316
ntv2_100m,esm2_8m,6,0.027594592440027987
ntv2_100m,esm2_8m,7,0.038049916777664991
ntv2_100m,esm2_8m,8,0.038150960366489406
ntv2_100m,esm2_8m,9,0.022974339755401862
ntv2_100m,esm2_35m,0,0.028562054081106264
ntv2_100m,esm2_35m,1,0.037401071047977769
ntv2_100m,esm2_35m,2,0.035966238129327852
ntv2_100m,esm2_35m,3,0.027740908061286457
ntv2_100m,esm2_35m,4,0.023623228473366953
ntv2_100m,esm2_35m,5,0.029943299621207051
ntv2_100m,esm2_35m,6,0.030606266787016695
ntv2_100m,esm2_35m,7,0.033180088313246925
ntv2_100m,esm2_35m,8,0.033231103550368402
ntv2_100m,esm2_35m,9,0.027058238370116672
ntv2_100m,esm2_150m,0,0.023394198161075436
ntv2_100m,esm2_150m,1,0.025403619378641856
ntv2_100m,esm2_150m,2,0.026388781939964634
ntv2_100m,esm2_150m,3,0.02459658441955595
ntv2_100m,esm2_150m,4,0.019673885032624849
ntv2_100m,esm2_150m,5,0.023658094050559547
ntv2_100m,esm2_150m,6,0.025663257111919052
ntv2_100m,esm2_150m,7,0.024780194979869441
ntv2_100m,esm2_150m,8,0.024278480206017861
ntv2_100m,esm2_150m,9,0.019792965261028084
ntv2_100m,protbert,0,0.038395165787606822
ntv2_100m,protbert,1,0.033245436444819698
ntv2_100m,protbert,2,0.046396621932949689
ntv2_100m,protbert,3,0.040718256445486267
ntv2_100m,protbert,4,0.031755926404307105
ntv2_100m,protbert,5,0.035598697783229272
ntv2_100m,protbert,6,0.038715600560076724
ntv2_100m,protbert,7,0.034932307574327026
ntv2_100m,protbert,8,0.041893244128798968
ntv2_100m,protbert,9,0.034510641748481397
dnabert2,hyenadna,0,0.0027550991109716039
dnabert2,hyenadna,1,0.00082689566304798567
dnabert2,hyenadna,2,0.00052344660143829186
dnabert2,hyenadna,3,0.0029258282414501985
dnabert2,hyenadna,4,0.0027754002011051299
dnabert2,hyenadna,5,0.0028074900151673424
dnabert2,hyenadna,6,0.0044864167810687722
dnabert2,hyenadna,7,0.0026321922286857424
dnabert2,hyenadna,8,0.00047257617660687729
dnabert2,hyenadna,9,0.0017919495518491646
dnabert2,rnafm,0,-0.0028990921401842729
dnabert2,rnafm,1,0.0059678686396528735
dnabert2,rnafm,2,0.0026532443132083472
dnabert2,rnafm,3,-0.0047868600032969777
dnabert2,rnafm,4,0.00020569260396868794
dnabert2,rnafm,5,-0.014749724110935725
dnabert2,rnafm,6,-0.00026774201796991859
dnabert2,rnafm,7,-0.010774942201755816
dnabert2,rnafm,8,-0.005095080940465152
dnabert2,rnafm,9,-0.017810890554609521
dnabert2,rinalmo,0,0.0060582263866774955
dnabert2,rinalmo,1,0.014413356923481613
dnabert2,rinalmo,2,0.024893640926723165
dnabert2,rinalmo,3,-0.0034791114365546327
dnabert2,rinalmo,4,0.0046030189979225922
dnabert2,rinalmo,5,0.0098056007575614557
dnabert2,rinalmo,6,0.028739037028640002
dnabert2,rinalmo,7,0.0046905810813141768
dnabert2,rinalmo,8,0.012167408882791497
dnabert2,rinalmo,9,-0.0073274944588210267
dnabert2,mrnafm,0,0.026778009479701548
dnabert2,mrnafm,1,0.032934393559819419
dnabert2,mrnafm,2,0.032099236704809658
dnabert2,mrnafm,3,0.027378111840716812
dnabert2,mrnafm,4,0.027921634576810656
dnabert2,mrnafm,5,0.019485093941016274
dnabert2,mrnafm,6,0.033273061439635016
dnabert2,mrnafm,7,0.027586189343270201
dnabert2,mrnafm,8,0.03145526538741919
dnabert2,mrnafm,9,0.018736460307409691
dnabert2,calm,0,0.027442922223594041
dnabert2,calm,1,0.038594457125730647
dnabert2,calm,2,0.045007106750431541
dnabert2,calm,3,0.032379684056556696
dnabert2,calm,4,0.036164368331716823
dnabert2,calm,5,0.030259933973030645
dnabert2,calm,6,0.040541919834342882
dnabert2,calm,7,0.033883296725482848
dnabert2,calm,8,0.033133719763271813
dnabert2,calm,9,0.02446486874826527
dnabert2,esm2_8m,0,0.028753422226734354
dnabert2,esm2_8m,1,0.044150962892216358
dnabert2,esm2_8m,2,0.050208513858086862
dnabert2,esm2_8m,3,0.026157061682440641
dnabert2,esm2_8m,4,0.038255519671340527
dnabert2,esm2_8m,5,0.028249092235008252
dnabert2,esm2_8m,6,0.035940228450987571
dnabert2,esm2_8m,7,0.032392356503268896
dnabert2,esm2_8m,8,0.03491148852984316
dnabert2,esm2_8m,9,0.016546885497027389
dnabert2,esm2_35m,0,0.02174417595296857
dnabert2,esm2_35m,1,0.038564444696878114
dnabert2,esm2_35m,2,0.036226930020372403
dnabert2,esm2_35m,3,0.023696379469710899
dnabert2,esm2_35m,4,0.027462360735619445
dnabert2,esm2_35m,5,0.022300817235671913
dnabert2,esm2_35m,6,0.030023954542827219
dnabert2,esm2_35m,7,0.027919623462127813
dnabert2,esm2_35m,8,0.028255662169717949
dnabert2,esm2_35m,9,0.013515410813151274
dnabert2,esm2_150m,0,0.022914990562606319
dnabert2,esm2_150m,1,0.032808518743872694
dnabert2,esm2_150m,2,0.032626213773498086
dnabert2,esm2_150m,3,0.023892723394758536
dnabert2,esm2_150m,4,0.025020625792508772
dnabert2,esm2_150m,5,0.022163404089701577
dnabert2,esm2_150m,6,0.029207404560946532
dnabert2,esm2_150m,7,0.027372967220792493
dnabert2,esm2_150m,8,0.029146109008473337
dnabert2,esm2_150m,9,0.0157948053759292
dnabert2,protbert,0,0.036101990570685139
dnabert2,protbert,1,0.041521692434080826
dnabert2,protbert,2,0.053916090876958256
dnabert2,protbert,3,0.037071626917418388
dnabert2,protbert,4,0.037741314758149486
dnabert2,protbert,5,0.038010570757517181
dnabert2,protbert,6,0.044050904930785562
dnabert2,protbert,7,0.038384018201316067
dnabert2,protbert,8,0.046118184147912411
dnabert2,protbert,9,0.034552939859854553
hyenadna,rnafm,0,0.011280479618757611
hyenadna,rnafm,1,0.010357439424334924
hyenadna,rnafm,2,0.012852847064144246
hyenadna,rnafm,3,0.0070733829721427721
hyenadna,rnafm,4,0.0016958504918204165
hyenadna,rnafm,5,0.0070978093252341001
hyenadna,rnafm,6,-0.0012817928458986327
hyenadna,rnafm,7,-0.0023579261242979987
hyenadna,rnafm,8,0.0060832441370936019
hyenadna,rnafm,9,0.0070178389100809258
hyenadna,rinalmo,0,0.0077730014936621405
hyenadna,rinalmo,1,0.006226868783059808
hyenadna,rinalmo,2,0.008698837328637854
hyenadna,rinalmo,3,0.0072233817902388198
hyenadna,rinalmo,4,-0.0043700783045289293
hyenadna,rinalmo,5,0.0093847819730610016
hyenadna,rinalmo,6,0.017258615654571707
hyenadna,rinalmo,7,0.00054009545851016472
hyenadna,rinalmo,8,0.013021426236359407
hyenadna,rinalmo,9,0.0041688259834644081
hyenadna,mrnafm,0,0.022087576796925384
hyenadna,mrnafm,1,0.020224437084934405
hyenadna,mrnafm,2,0.021966395157838187
hyenadna,mrnafm,3,0.022168835797506975
hyenadna,mrnafm,4,0.016985155115036427
hyenadna,mrnafm,5,0.020163682902723773
hyenadna,mrnafm,6,0.023482246229380471
hyenadna,mrnafm,7,0.018736975409850365
hyenadna,mrnafm,8,0.019761253504405357
hyenadna,mrnafm,9,0.01808614098298067
hyenadna,calm,0,0.022460828447980141
hyenadna,calm,1,0.026698349529417575
hyenadna,calm,2,0.027590842793659892
hyenadna,calm,3,0.024860744331214213
hyenadna,calm,4,0.022020174577687346
hyenadna,calm,5,0.02754055797084351
hyenadna,calm,6,0.026920140437321965
hyenadna,calm,7,0.024518452909980254
hyenadna,calm,8,0.01876985224292077
hyenadna,calm,9,0.019953745673248799
hyenadna,esm2_8m,0,0.032985045383351425
hyenadna,esm2_8m,1,0.034325755868210447
hyenadna,esm2_8m,2,0.036126421741469406
hyenadna,esm2_8m,3,0.029481732524693563
hyenadna,esm2_8m,4,0.03179072649696596
hyenadna,esm2_8m,5,0.03563837097016774
hyenadna,esm2_8m,6,0.035409636631884095
hyenadna,esm2_8m,7,0.031539546310627817
hyenadna,esm2_8m,8,0.029182347011023471
hyenadna,esm2_8m,9,0.026009273466852556
hyenadna,esm2_35m,0,0.029170700807623767
hyenadna,esm2_35m,1,0.033287427509838374
hyenadna,esm2_35m,2,0.033240637189624847
hyenadna,esm2_35m,3,0.028253893961351556
hyenadna,esm2_35m,4,0.024736705080862925
hyenadna,esm2_35m,5,0.030387850055464891
hyenadna,esm2_35m,6,0.031183706363296343
hyenadna,esm2_35m,7,0.027424954573769228
hyenadna,esm2_35m,8,0.029318916398925365
hyenadna,esm2_35m,9,0.02683685868948496
hyenadna,esm2_150m,0,0.027515754911774909
hyenadna,esm2_150m,1,0.028814037564453443
hyenadna,esm2_150m,2,0.028074291026021519
hyenadna,esm2_150m,3,0.032024426693396307
hyenadna,esm2_150m,4,0.026085343091831248
hyenadna,esm2_150m,5,0.0276281355792804
hyenadna,esm2_150m,6,0.032412202782223537
hyenadna,esm2_150m,7,0.02539221562270369
hyenadna,esm2_150m,8,0.025447042224315708
hyenadna,esm2_150m,9,0.028035426874866903
hyenadna,protbert,0,0.028118034133662761
hyenadna,protbert,1,0.025543798886354913
hyenadna,protbert,2,0.030300903411607183
hyenadna,protbert,3,0.030946499446124737
hyenadna,protbert,4,0.026165701703362743
hyenadna,protbert,5,0.032073773639040737
hyenadna,protbert,6,0.0311337180321693
hyenadna,protbert,7,0.022652789162909415
hyenadna,protbert,8,0.029090955815670866
hyenadna,protbert,9,0.024356991080233842
rnafm,rinalmo,0,0.0078277692461637127
rnafm,rinalmo,1,0.0033708256470590947
rnafm,rinalmo,2,0.001622765653080227
rnafm,rinalmo,3,0.0083264095610033895
rnafm,rinalmo,4,0.013088141889328608
rnafm,rinalmo,5,-0.0049415940011290072
rnafm,rinalmo,6,0.0043401592539584199
rnafm,rinalmo,7,0.0031761226846205581
rnafm,rinalmo,8,0.00045546922731001804
rnafm,rinalmo,9,0.01009721254054366
rnafm,mrnafm,0,0.031257024152511526
rnafm,mrnafm,1,0.038293553124573165
rnafm,mrnafm,2,0.032975030523150872
rnafm,mrnafm,3,0.028873925187159782
rnafm,mrnafm,4,0.02844001729768264
rnafm,mrnafm,5,0.027988394687757406
rnafm,mrnafm,6,0.027131677270503779
rnafm,mrnafm,7,0.035367584632709559
rnafm,mrnafm,8,0.036158858399649024
rnafm,mrnafm,9,0.029067060500026554
rnafm,calm,0,0.032861917651131445
rnafm,calm,1,0.025343202461187708
rnafm,calm,2,0.019410554061155411
rnafm,calm,3,0.027236982407093324
rnafm,calm,4,0.023333512199107564
rnafm,calm,5,0.015259216963023681
rnafm,calm,6,0.014993715458755164
rnafm,calm,7,0.020609877628360418
rnafm,calm,8,0.022228079853659405
rnafm,calm,9,0.030494917927874621
rnafm,esm2_8m,0,0.026224844715977275
rnafm,esm2_8m,1,0.013246437379967169
rnafm,esm2_8m,2,0.0063950483004430458
rnafm,esm2_8m,3,0.0048115828931439564
rnafm,esm2_8m,4,0.012635953632788632
rnafm,esm2_8m,5,0.0016852953399124626
rnafm,esm2_8m,6,0.010707464768486524
rnafm,esm2_8m,7,0.0028747499572467639
rnafm,esm2_8m,8,0.007333001085905011
rnafm,esm2_8m,9,0.017154568411918369
rnafm,esm2_35m,0,0.034378767004156846
rnafm,esm2_35m,1,0.018591388007858395
rnafm,esm2_35m,2,0.0176769813058332
rnafm,esm2_35m,3,0.014217320887005724
rnafm,esm2_35m,4,0.026788769008408597
rnafm,esm2_35m,5,0.011669695000633779
rnafm,esm2_35m,6,0.018482632034111879
rnafm,esm2_35m,7,0.016572367221887235
rnafm,esm2_35m,8,0.016415836507094189
rnafm,esm2_35m,9,0.026679402730966889
rnafm,esm2_150m,0,0.057738585458589536
rnafm,esm2_150m,1,0.038460656129905402
rnafm,esm2_150m,2,0.03676945896068573
rnafm,esm2_150m,3,0.034091474582430614
rnafm,esm2_150m,4,0.044197193984278571
rnafm,esm2_150m,5,0.034173414439460953
rnafm,esm2_150m,6,0.038918792732644897
rnafm,esm2_150m,7,0.038044813688734802
rnafm,esm2_150m,8,0.042401022838348096
rnafm,esm2_150m,9,0.044191606448573062
rnafm,protbert,0,0.048734730758298261
rnafm,protbert,1,0.044942483568561148
rnafm,protbert,2,0.041039049347245476
rnafm,protbert,3,0.041574091260973139
rnafm,protbert,4,0.054416823473327713
rnafm,protbert,5,0.041785318416829753
rnafm,protbert,6,0.043587722550740504
rnafm,protbert,7,0.037387929910233181
rnafm,protbert,8,0.048525582419686325
rnafm,protbert,9,0.044131073720970332
rinalmo,mrnafm,0,0.033708371173919116
rinalmo,mrnafm,1,0.031156360590772231
rinalmo,mrnafm,2,0.035891286784495685
rinalmo,mrnafm,3,0.029733884145490108
rinalmo,mrnafm,4,0.034311181610126196
rinalmo,mrnafm,5,0.028389486762029625
rinalmo,mrnafm,6,0.037257773981809988
rinalmo,mrnafm,7,0.035682818490982954
rinalmo,mrnafm,8,0.036407759861408207
rinalmo,mrnafm,9,0.031758229651743769
rinalmo,calm,0,0.017311066921665647
rinalmo,calm,1,0.01238049061969404
rinalmo,calm,2,0.01839919139637089
rinalmo,calm,3,0.016182848994722387
rinalmo,calm,4,0.011392699878483237
rinalmo,calm,5,0.02482652643251948
rinalmo,calm,6,0.022795200974514401
rinalmo,calm,7,0.019182359135474447
rinalmo,calm,8,0.029008188125449641
rinalmo,calm,9,0.017683487573914303
rinalmo,esm2_8m,0,0.017208399143460812
rinalmo,esm2_8m,1,0.010556745213135682
rinalmo,esm2_8m,2,0.017799245772619127
rinalmo,esm2_8m,3,0.0095158117745886284
rinalmo,esm2_8m,4,0.01383556805795183
rinalmo,esm2_8m,5,0.015677383988507099
rinalmo,esm2_8m,6,0.026343004262935232
rinalmo,esm2_8m,7,0.014573321925854421
rinalmo,esm2_8m,8,0.020508932960749959
rinalmo,esm2_8m,9,0.0085163653500865133
rinalmo,esm2_35m,0,0.028732112060786213
rinalmo,esm2_35m,1,0.020225666705309647
rinalmo,esm2_35m,2,0.025853330917586181
rinalmo,esm2_35m,3,0.020316428724352686
rinalmo,esm2_35m,4,0.027918324689664292
rinalmo,esm2_35m,5,0.025234280216539479
rinalmo,esm2_35m,6,0.040436469449373569
rinalmo,esm2_35m,7,0.020957460173700426
rinalmo,esm2_35m,8,0.023611968536653399
rinalmo,esm2_35m,9,0.017008218019362059
rinalmo,esm2_150m,0,0.044902346723202979
rinalmo,esm2_150m,1,0.037457382913682086
rinalmo,esm2_150m,2,0.043109743701938597
rinalmo,esm2_150m,3,0.032804150177268815
rinalmo,esm2_150m,4,0.041360371816144492
rinalmo,esm2_150m,5,0.050022091279105341
rinalmo,esm2_150m,6,0.056409325478251365
rinalmo,esm2_150m,7,0.037469537622421112
rinalmo,esm2_150m,8,0.053705911519063398
rinalmo,esm2_150m,9,0.031249549756665634
rinalmo,protbert,0,0.039744881474559013
rinalmo,protbert,1,0.036165911926095806
rinalmo,protbert,2,0.050592835240220485
rinalmo,protbert,3,0.040691651094994535
rinalmo,protbert,4,0.044254307638083273
rinalmo,protbert,5,0.038778315844355982
rinalmo,protbert,6,0.045696140726642243
rinalmo,protbert,7,0.039111286671175971
rinalmo,protbert,8,0.044106085124630656
rinalmo,protbert,9,0.038195772438049919
mrnafm,calm,0,0.0079385833645759518
mrnafm,calm,1,0.0064179145036106777
mrnafm,calm,2,0.0075518434418146707
mrnafm,calm,3,0.0095840080828605567
mrnafm,calm,4,0.0079928225314914447
mrnafm,calm,5,0.0027877196114464708
mrnafm,calm,6,0.009216159911942412
mrnafm,calm,7,0.010206304149369905
mrnafm,calm,8,0.0038527478450308128
mrnafm,calm,9,0.0060466484072944915
mrnafm,esm2_8m,0,0.015001896380858581
mrnafm,esm2_8m,1,0.0084574353043503359
mrnafm,esm2_8m,2,0.012028379750890439
mrnafm,esm2_8m,3,0.0096206986647797699
mrnafm,esm2_8m,4,0.010381314251531215
mrnafm,esm2_8m,5,0.0096976840143270515
mrnafm,esm2_8m,6,0.011366094075099115
mrnafm,esm2_8m,7,0.0095397128710226486
mrnafm,esm2_8m,8,0.0086373127677778494
mrnafm,esm2_8m,9,0.0077911059243194747
mrnafm,esm2_35m,0,0.011721914072258754
mrnafm,esm2_35m,1,0.0053199549059489148
mrnafm,esm2_35m,2,0.008961931365373349
mrnafm,esm2_35m,3,0.0077109622169069802
mrnafm,esm2_35m,4,0.008413777220453722
mrnafm,esm2_35m,5,0.0075608023061157492
mrnafm,esm2_35m,6,0.0089275089219715831
mrnafm,esm2_35m,7,0.0085763802591030114
mrnafm,esm2_35m,8,0.0056909600880822309
mrnafm,esm2_35m,9,0.0064822680423053947
mrnafm,esm2_150m,0,0.023698386157173068
mrnafm,esm2_150m,1,0.016287622982028904
mrnafm,esm2_150m,2,0.022545085076708576
mrnafm,esm2_150m,3,0.018033841433089504
mrnafm,esm2_150m,4,0.017497018133464881
mrnafm,esm2_150m,5,0.020836484992789728
mrnafm,esm2_150m,6,0.020585125462810355
mrnafm,esm2_150m,7,0.022641263527797051
mrnafm,esm2_150m,8,0.018146966495326211
mrnafm,esm2_150m,9,0.015749690294125429
mrnafm,protbert,0,0.026744413123121535
mrnafm,protbert,1,0.017342366865754716
mrnafm,protbert,2,0.01308033842787576
mrnafm,protbert,3,0.01240820712485538
mrnafm,protbert,4,0.02384747511801924
mrnafm,protbert,5,0.022211234462743534
mrnafm,protbert,6,0.01567950744217278
mrnafm,protbert,7,0.011678310000988845
mrnafm,protbert,8,0.019470806484228498
mrnafm,protbert,9,0.022736709553890372
calm,esm2_8m,0,0.011476372129672424
calm,esm2_8m,1,0.010635990280233543
calm,esm2_8m,2,0.012751514210638401
calm,esm2_8m,3,0.0048786648361317519
calm,esm2_8m,4,0.015917395414264929
calm,esm2_8m,5,0.0078793819750625493
calm,esm2_8m,6,0.013350227623293007
calm,esm2_8m,7,0.010657061074514557
calm,esm2_8m,8,0.0085661912049004307
calm,esm2_8m,9,0.009099917490165324
calm,esm2_35m,0,0.0099638800604736066
calm,esm2_35m,1,0.0093119427756128414
calm,esm2_35m,2,0.017468123299153995
calm,esm2_35m,3,0.0084316514099036233
calm,esm2_35m,4,0.018013778591503438
calm,esm2_35m,5,0.0098636854647481953
calm,esm2_35m,6,0.015165899831759172
calm,esm2_35m,7,0.012758849597845651
calm,esm2_35m,8,0.0018828080641506151
calm,esm2_35m,9,0.010299698085545803
calm,esm2_150m,0,0.0017361459625963582
calm,esm2_150m,1,0.010826775723803084
calm,esm2_150m,2,-0.002343812254809674
calm,esm2_150m,3,0.011300875056551835
calm,esm2_150m,4,0.0019090577718103019
calm,esm2_150m,5,0.003498276096171149
calm,esm2_150m,6,0.0022299033874907115
calm,esm2_150m,7,0.009596594907849143
calm,esm2_150m,8,0.0025546948893837851
calm,esm2_150m,9,0.0078994135437392976
calm,protbert,0,0.0093979182041313003
calm,protbert,1,0.012628455163423868
calm,protbert,2,-0.0027727740355659447
calm,protbert,3,0.014601962671257018
calm,protbert,4,0.0094702608559409651
calm,protbert,5,0.0075738352729304015
calm,protbert,6,0.014671968765569504
calm,protbert,7,0.010486971867799844
calm,protbert,8,0.0093743841799232008
calm,protbert,9,0.0091301714171708181
esm2_8m,esm2_35m,0,0.0065794607381516323
esm2_8m,esm2_35m,1,0.004681749126486473
esm2_8m,esm2_35m,2,0.0027267083285432703
esm2_8m,esm2_35m,3,-0.0045006961241465526
esm2_8m,esm2_35m,4,-0.0012636540198636415
esm2_8m,esm2_35m,5,0.00074430366618645494
esm2_8m,esm2_35m,6,0.0001143117857899667
esm2_8m,esm2_35m,7,0.0014851057979870935
esm2_8m,esm2_35m,8,-0.0022070558308571325
esm2_8m,esm2_35m,9,0.00062910915837005588
esm2_8m,esm2_150m,0,0.010405204216151348
esm2_8m,esm2_150m,1,0.0016528837103214622
esm2_8m,esm2_150m,2,0.0064367882325486736
esm2_8m,esm2_150m,3,-0.0038926655288043371
esm2_8m,esm2_150m,4,0.0053496538832173424
esm2_8m,esm2_150m,5,0.0026264505717460973
esm2_8m,esm2_150m,6,0.0069133835027734014
esm2_8m,esm2_150m,7,0.0043681097971232652
esm2_8m,esm2_150m,8,-0.00097182926050701224
esm2_8m,esm2_150m,9,0.0032353441558191365
esm2_8m,protbert,0,0.009810783108154475
esm2_8m,protbert,1,0.0053128433600871938
esm2_8m,protbert,2,0.0033188345526657947
esm2_8m,protbert,3,0.00090338642894854937
esm2_8m,protbert,4,0.0048311266309323253
esm2_8m,protbert,5,0.0072989835697792049
esm2_8m,protbert,6,0.010007379059674026
esm2_8m,protbert,7,0.0047210406032238139
esm2_8m,protbert,8,0.0081625605792220446
esm2_8m,protbert,9,0.006328394009562005
esm2_35m,esm2_150m,0,-0.00099597770461687385
esm2_35m,esm2_150m,1,-0.00028827050585022995
esm2_35m,esm2_150m,2,0.00021734213504454036
esm2_35m,esm2_150m,3,0.00017233785123962897
esm2_35m,esm2_150m,4,-0.0053158603961252215
esm2_35m,esm2_150m,5,-0.0047721860880190203
esm2_35m,esm2_150m,6,-0.0023599026516704646
esm2_35m,esm2_150m,7,-0.0023549585526597971
esm2_35m,esm2_150m,8,-0.0073437066827156672
esm2_35m,esm2_150m,9,0.0015017495220843169
esm2_35m,protbert,0,0.011831534964270807
esm2_35m,protbert,1,0.004171737036769485
esm2_35m,protbert,2,-0.00020860967848201906
esm2_35m,protbert,3,0.0046382961714525883
esm2_35m,protbert,4,0.002874975871372476
esm2_35m,protbert,5,0.0022628439501176101
esm2_35m,protbert,6,0.0081648779945261429
esm2_35m,protbert,7,0.0044689342551736955
esm2_35m,protbert,8,0.005708584301248959
esm2_35m,protbert,9,0.0057626993201855548
esm2_150m,protbert,0,0.015198567785080885
esm2_150m,protbert,1,0.0092855538228751866
esm2_150m,protbert,2,0.018277803270778714
esm2_150m,protbert,3,0.0021285818414951974
esm2_150m,protbert,4,0.0060685783153053008
esm2_150m,protbert,5,0.0095554991804825962
esm2_150m,protbert,6,0.013073744199733645
esm2_150m,protbert,7,0.010561537353045491
esm2_150m,protbert,8,0.0094912911235181252
esm2_150m,protbert,9,0.007335589394605796
