pair,pinned_concat,pinned_gain,mean_gain,min_gain,max_gain,n_pos
nt500m|ntv2_100m,0.03532137371084121,-0.0008203539563083825,0.0003974946892497073,-0.0008465578757899314,0.0020974032905817924,6
nt500m|dnabert2,0.034104404742771065,-1.1191517442790677e-05,-0.0038728691955611286,-0.006773027403011361,-0.000562017459395936,0
nt500m|hyenadna,0.035035215267728834,0.0009196190075149782,0.0006727458291684148,-0.00187828726405357,0.002788880707281255,7
nt500m|rnafm,0.13316223248373535,-0.0158219379816755,-0.021542579572137267,-0.03359815470546457,-0.00916934956609522,0
nt500m|rinalmo,0.1409121757326301,-0.008243557311497701,-0.007227911470653503,-0.020719992236929413,0.005682247472368562,2
nt500m|mrnafm,0.19701625867455258,0.025387012974771833,0.020028828467658015,0.012879138340061491,0.024886472299727236,10
nt500m|calm,0.14828042503080158,0.02831107589365986,0.02425313064613329,0.017700431863065053,0.03391812070886299,10
nt500m|esm2_8m,0.11652603343485149,0.02528081818543676,0.0178379485145335,0.009504848317521908,0.028653339695657323,10
nt500m|esm2_35m,0.11890662194241261,0.01467974630619856,0.01317334603242431,0.0012532651306760567,0.02379652725847177,10
nt500m|esm2_150m,0.1528319140777073,0.02303093755990726,0.015235111208081997,0.0071809225392826526,0.022403845553462753,10
nt500m|protbert,0.19330951658574774,0.030223856865736476,0.028663326295450365,0.019595685248001177,0.03838233857455281,10
ntv2_100m|dnabert2,0.034398714875753654,-0.001743012791395937,-0.002327252428371394,-0.003849927497380775,9.230687250594977e-05,1
ntv2_100m|hyenadna,0.03860751249535009,0.0024657848282005,0.001843591141327896,8.363311718066757e-05,0.0033354556537290025,10
ntv2_100m|rnafm,0.1546453500130332,0.0056611795476223525,-0.001078174295423745,-0.015668480662851786,0.008008786270904483,4
ntv2_100m|rinalmo,0.16776456114929966,0.018608828105171865,0.006538274455794205,-0.0024537135131714183,0.015277498431748526,8
ntv2_100m|mrnafm,0.2010998573951503,0.029470611695369547,0.02707119699457542,0.022222543244335646,0.030654520767204818,10
ntv2_100m|calm,0.154683719111792,0.03471436997465027,0.03440541743438628,0.02806378995052071,0.04309623584988284,10
ntv2_100m|esm2_8m,0.13440246206158438,0.04315724681216965,0.03422526601449679,0.02297428614375846,0.04342233962116028,10
ntv2_100m|esm2_35m,0.13492065110415288,0.030693775467938833,0.030731205635464155,0.023623163074226933,0.037401043063817266,10
ntv2_100m|esm2_150m,0.1566608631017819,0.026859886583981862,0.02376299891253413,0.0196738609318996,0.026388796200143422,10
ntv2_100m|protbert,0.2007850322031616,0.037699372483150334,0.037616203503701554,0.03175590107262663,0.046396658535222596,10
dnabert2|hyenadna,0.03569898699694592,0.0030053055447480936,0.002199581852217034,0.00047249209692173944,0.004486279413881199,10
dnabert2|rnafm,0.12967505142481323,-0.019309119040597622,-0.004755166824418647,-0.01781057476919576,0.005968458144582578,3
dnabert2|rinalmo,0.14184374833807684,-0.007311984706050961,0.0094569428848842,-0.007327273078209379,0.02873955744651202,8
dnabert2|mrnafm,0.19469869619429142,0.023069450494510674,0.027764985915879982,0.0187363136437666,0.03327306242939662,10
dnabert2|calm,0.14578934430497129,0.025819995167829568,0.03418758531054812,0.024464988452390243,0.045007604350817604,10
dnabert2|esm2_8m,0.11846529761834394,0.027220082368929213,0.033557383610637134,0.01654737319656302,0.050209841051787926,10
dnabert2|esm2_35m,0.1191371774056901,0.014910301769476053,0.026971535599997997,0.013515645330842402,0.03856543528889268,10
dnabert2|esm2_150m,0.1472042251353533,0.01740324861755327,0.0260952004055183,0.015794979080689525,0.0328092973462335,10
dnabert2|protbert,0.19688005857109486,0.033794398851083596,0.04074734002727727,0.034553103610235864,0.05391661174005127,10
hyenadna|rnafm,0.15102498037510353,0.002040809909692687,0.005981953306347115,-0.0023578894051287658,0.012852877819175879,8
hyenadna|rinalmo,0.15016269372599134,0.001006960681863539,0.006992597720025892,-0.004370038090643957,0.017258619072515274,9
hyenadna|mrnafm,0.1891146064548333,0.017485360755052554,0.020366265967485902,0.016985153986996265,0.023482234141778663,10
hyenadna|calm,0.14206457377561826,0.022095224638476546,0.024133374504626902,0.018769852412026916,0.02759084346526633,10
hyenadna|esm2_8m,0.12571523365072668,0.03447001840131195,0.03224889866959406,0.026009287244244533,0.03612643108366996,10
hyenadna|esm2_35m,0.12959544708747234,0.025368571451258287,0.029384161031666755,0.024736701787591242,0.033287429433035295,10
hyenadna|esm2_150m,0.156361999339273,0.026561022821472963,0.028142888401427358,0.025392212642380008,0.03241219980942375,10
hyenadna|protbert,0.18895678968030988,0.02587112996029861,0.02803831422319476,0.02265278458426201,0.03207379898932455,10
rnafm|rinalmo,0.1619184448124359,0.012762711768308094,0.00473635683226733,-0.004941543663101372,0.013088229072732105,9
rnafm|mrnafm,0.20015683218384245,0.0285275864840617,0.03155530963012172,0.027131661434536436,0.03829354795497561,10
rnafm|calm,0.17308574118878414,0.024101570723373295,0.02317721490878942,0.01499373688189648,0.03286197657443474,10
rnafm|esm2_8m,0.15339773430347906,0.004413563838068207,0.010306953550536018,0.0016853428730292663,0.02622494084698551,10
rnafm|esm2_35m,0.15507498808908565,0.006090817623674805,0.020147375001860156,0.011669758428802829,0.03437887109504634,10
rnafm|esm2_150m,0.17775045057262132,0.028766280107210468,0.040898784724881544,0.0340915723175845,0.05773870619730331,10
rnafm|protbert,0.20979883293770046,0.0467131732176892,0.04461242885071416,0.03738781299265739,0.05441677467208869,10
rinalmo|mrnafm,0.203282117212211,0.031652871512430264,0.03342971605136454,0.02838949013019748,0.03725777153870902,10
rinalmo|calm,0.16728213408233758,0.018126401038209783,0.01891618955968222,0.011392676179075106,0.029008171842267394,10
rinalmo|esm2_8m,0.15787041641717897,0.008714683373051174,0.015453488649690827,0.008516365981872526,0.02634300334310663,10
rinalmo|esm2_35m,0.16340829390343903,0.01425256085931123,0.02502943634743663,0.017008220623109777,0.040436476171718666,10
rinalmo|esm2_150m,0.1843838289415489,0.0352280958974211,0.04284907655830559,0.03124955423264328,0.05640935697392532,10
rinalmo|protbert,0.20307536873498036,0.039989709014969094,0.04173368258275519,0.03616589040361373,0.05059269806265243,10
mrnafm|calm,0.17843587085044507,0.006806625150664325,0.007159460132353387,0.0027877085832444803,0.01020629126903938,10
mrnafm|esm2_8m,0.18091650274322527,0.009287257043444519,0.010252166095217794,0.007791110981251487,0.015001898510683176,10
mrnafm|esm2_35m,0.17698381844979647,0.005354572750015718,0.007936646922814533,0.005319953032460717,0.011721913307077447,10
mrnafm|esm2_150m,0.19187874281344222,0.020249497113661474,0.019602166160931432,0.01574969844587537,0.023698405232950553,10
mrnafm|protbert,0.19355811193229025,0.021928866232509503,0.01851988490772872,0.011678237131628855,0.026744345889313237,10
calm|esm2_8m,0.12887046474811353,0.008901115610971816,0.010521279442983093,0.004878675965278051,0.01591740934486975,10
calm|esm2_35m,0.12695052346463814,0.0069811743274964255,0.011316037976373776,0.0018828071888307707,0.01801378460414961,10
calm|esm2_150m,0.14021142220845603,0.010410445690655995,0.004920773566178971,-0.002343824303207259,0.011300848366554622,9
calm|protbert,0.17161336651955958,0.008527706799548312,0.009456345316861833,-0.0027727240428550848,0.014671983871291733,9
esm2_8m|esm2_35m,0.10237873079386395,-0.0018481448423501023,0.0008989374034897038,-0.004500686889098965,0.006579462230076882,7
esm2_8m|esm2_150m,0.13313438139263714,0.0033334048748371037,0.003612334375993015,-0.003892660033090578,0.010405194489782804,8
esm2_8m|protbert,0.16830128511276632,0.005215625392755052,0.00606955122899647,0.0009034076010406011,0.010007370037377589,10
esm2_35m|esm2_150m,0.12281384551227441,-0.006987131005525629,-0.0021539420728679663,-0.00734370424092301,0.0015017585726232463,3
esm2_35m|protbert,0.16579611231172348,0.002710452591712209,0.00496762867377665,-0.0002085717961090583,0.011831620657272252,9
esm2_150m|protbert,0.17019186244892065,0.007106202728909383,0.010097738741596501,0.0021286294024325525,0.01827789868292637,10
