,CKA,kNN,CC1,R1,CKA_after,R1_after,align_err_rho
nt500m|ntv2_100m,0.93283486,0.49489489489489485,0.9978249292272133,0.9529780564263323,0.9308078891929654,0.9467084639498433,-0.025126614080578244
nt500m|dnabert2,0.6833389,0.1945945945945946,0.9867145830903992,0.7210031347962382,0.48461439259037425,0.6426332288401254,-0.13349926560552508
nt500m|hyenadna,0.915171,0.3706706706706706,0.9971560345044352,0.8871473354231975,0.8791234110961447,0.8808777429467085,0.01607008340388635
nt500m|rnafm,0.3726704,0.02972972972972973,0.8049385901167706,0.009404388714733543,0.041878979375733295,0.006269592476489028,-0.02012258236233513
nt500m|rinalmo,0.3898588,0.032432432432432434,0.8187265619532452,0.04075235109717868,0.051019084438081896,0.009404388714733543,0.01832488022712486
nt500m|mrnafm,0.038604315,0.022722722722722723,0.7589883372184152,0.006269592476489028,0.0077721654518395624,0.0,-0.024760823919086773
nt500m|calm,0.24353558,0.025725725725725727,0.7710821693969627,0.012539184952978056,0.022630921178272707,0.006269592476489028,-0.01681145383568936
nt500m|esm2_8m,0.06406662,0.01911911911911912,0.4068524201951876,0.006269592476489028,0.01441543280008156,0.0,0.009175933045484119
nt500m|esm2_35m,0.050911073,0.02012012012012012,0.4060142619260366,0.009404388714733543,0.010128256373598005,0.003134796238244514,0.06671644880818596
nt500m|esm2_150m,0.046663914,0.018818818818818823,0.45701991781818,0.009404388714733543,0.012976349517292122,0.012539184952978056,0.05305605666292068
nt500m|protbert,0.022169549,0.016516516516516516,0.46883044187019673,0.0,0.011594314048747684,0.012539184952978056,0.006150928609451707
ntv2_100m|dnabert2,0.6898704,0.19609609609609613,0.983720887463854,0.6677115987460815,0.5073344858606242,0.6677115987460815,-0.06652330271146066
ntv2_100m|hyenadna,0.9328342,0.3458458458458458,0.9979437605514394,0.8526645768025078,0.8433058365387763,0.7962382445141066,-0.060249458457430835
ntv2_100m|rnafm,0.44219607,0.02912912912912913,0.7895341779207021,0.02821316614420063,0.04194896678528426,0.006269592476489028,0.008101673862897027
ntv2_100m|rinalmo,0.46382648,0.03413413413413414,0.7995692223830159,0.0219435736677116,0.056501234391932734,0.006269592476489028,-0.014847030815638493
ntv2_100m|mrnafm,0.04340233,0.023223223223223226,0.7487833132549212,0.025078369905956112,0.008343766167065877,0.006269592476489028,0.01737963565387118
ntv2_100m|calm,0.28796625,0.028828828828828833,0.7627349026797355,0.025078369905956112,0.02506194638238233,0.0219435736677116,0.011602442775181878
ntv2_100m|esm2_8m,0.07146884,0.022922922922922924,0.451708421936705,0.006269592476489028,0.017091218198211404,0.003134796238244514,0.004356183829183179
ntv2_100m|esm2_35m,0.057062082,0.022722722722722726,0.4530470812828367,0.003134796238244514,0.012549044780150205,0.006269592476489028,-0.07169626486070858
ntv2_100m|esm2_150m,0.051351376,0.02192192192192192,0.4549339031193182,0.012539184952978056,0.014905281977883406,0.006269592476489028,-0.007989664044478617
ntv2_100m|protbert,0.023362901,0.018518518518518517,0.4556847995792722,0.01567398119122257,0.011782470256891229,0.009404388714733543,-0.019018010291595194
dnabert2|hyenadna,0.6377589,0.173973973973974,0.9880627863255187,0.658307210031348,0.4412061787092564,0.6175548589341693,-0.03953281550659651
dnabert2|rnafm,0.3053761,0.03013013013013013,0.779131286881153,0.012539184952978056,0.03363992077475071,0.018808777429467086,0.014313228248654403
dnabert2|rinalmo,0.31855226,0.034734734734734735,0.7864034542453683,0.01567398119122257,0.04670252971317434,0.012539184952978056,0.009927101200686106
dnabert2|mrnafm,0.029934399,0.024024024024024024,0.7040949231514847,0.009404388714733543,0.0063227876157792365,0.009404388714733543,0.024879118116756374
dnabert2|calm,0.19028805,0.02712712712712713,0.7358181900392622,0.003134796238244514,0.020713512494166756,0.003134796238244514,0.09992606612645649
dnabert2|esm2_8m,0.054077085,0.019619619619619617,0.21018149421248483,0.006269592476489028,0.015550670935378968,0.0,0.027413201632459926
dnabert2|esm2_35m,0.043356206,0.01961961961961962,0.44177079511642076,0.0,0.012812309006125823,0.0,-0.02381003430531732
dnabert2|esm2_150m,0.037870374,0.02052052052052052,0.4677379076989542,0.006269592476489028,0.013831682602124121,0.003134796238244514,-0.051068344472703614
dnabert2|protbert,0.019361401,0.01681681681681682,0.435678025345621,0.009404388714733543,0.011152794152276763,0.01567398119122257,-0.05179696279647483
hyenadna|rnafm,0.38773742,0.02702702702702703,0.7798356750309122,0.025078369905956112,0.02896376438822464,0.003134796238244514,0.02882866564145029
hyenadna|rinalmo,0.3991215,0.03073073073073073,0.79158022357464,0.009404388714733543,0.02558273774144967,0.012539184952978056,0.01942908262849707
hyenadna|mrnafm,0.0379905,0.020420420420420422,0.7279463369084942,0.012539184952978056,0.004151235546191595,0.0,-0.018209913053764713
hyenadna|calm,0.24717505,0.024324324324324322,0.7650976104569742,0.018808777429467086,0.014796027937084863,0.01567398119122257,-0.02287698882119832
hyenadna|esm2_8m,0.059970003,0.01791791791791792,0.42444060079427887,0.009404388714733543,0.010060073638108387,0.009404388714733543,-0.09098191577453127
hyenadna|esm2_35m,0.04714334,0.020220220220220225,0.43880957354271083,0.006269592476489028,0.006106578925892065,0.003134796238244514,-0.04536323712071922
hyenadna|esm2_150m,0.041780174,0.017817817817817817,0.5045286277935027,0.006269592476489028,0.007393807392147689,0.003134796238244514,-0.07962789081445557
hyenadna|protbert,0.01997591,0.01861861861861862,0.4964558833152111,0.012539184952978056,0.005501294040833001,0.003134796238244514,-0.09444941444372153
rnafm|rinalmo,0.8449879,0.25195195195195197,0.9965093395281365,0.8871473354231975,0.48782667399589635,0.8087774294670846,0.09475439167208849
rnafm|mrnafm,0.08777457,0.04274274274274274,0.8984977347361716,0.11598746081504702,0.015232809405323042,0.0219435736677116,-0.03523910214703969
rnafm|calm,0.48671606,0.062062062062062065,0.8948644092033844,0.18808777429467086,0.07141887496141232,0.0219435736677116,-0.016036996510321172
rnafm|esm2_8m,0.18389839,0.04144144144144145,0.7113258426392065,0.0877742946708464,0.046010200370332786,0.03134796238244514,0.01090191932335719
rnafm|esm2_35m,0.15729254,0.04044044044044045,0.6949275824755433,0.09717868338557993,0.0394009155997945,0.018808777429467086,0.034669441651386995
rnafm|esm2_150m,0.15920256,0.040640640640640636,0.7180864729996653,0.10031347962382445,0.043561645331166556,0.0219435736677116,0.09621384633583722
rnafm|protbert,0.090566695,0.03633633633633633,0.7237955331504948,0.09404388714733543,0.03496705345737461,0.01567398119122257,0.006245933636955108
rinalmo|mrnafm,0.07930522,0.06296296296296296,0.9104726081437297,0.23824451410658307,0.016793826973115992,0.034482758620689655,0.018030993079789434
rinalmo|calm,0.5242336,0.1077077077077077,0.9113030070229279,0.36990595611285265,0.12642434649103904,0.109717868338558,0.06768978825338617
rinalmo|esm2_8m,0.24061579,0.07897897897897899,0.886925728979756,0.2601880877742947,0.10904783453107068,0.07210031347962383,0.06866645472289584
rinalmo|esm2_35m,0.2074128,0.07357357357357357,0.8870484028148311,0.26332288401253917,0.08492363389204688,0.05956112852664577,-0.014057047376826167
rinalmo|esm2_150m,0.21288815,0.07077077077077078,0.8856490880946971,0.21630094043887146,0.09881327426385182,0.047021943573667714,-0.00710948127994322
rinalmo|protbert,0.08877928,0.05435435435435435,0.8639459434199234,0.2006269592476489,0.039560137450556906,0.08463949843260188,-0.04371636008753771
mrnafm|calm,0.23764281,0.14484484484484483,0.982737231641761,0.5924764890282131,0.07002005391874562,0.13793103448275862,0.01967472974163167
mrnafm|esm2_8m,0.12082358,0.10680680680680682,0.9420849211268829,0.4670846394984326,0.028756332759914592,0.10031347962382445,0.016111671211598004
mrnafm|esm2_35m,0.13347885,0.1001001001001001,0.9422531770480482,0.3887147335423197,0.029153425946334167,0.07836990595611286,0.08135240593323122
mrnafm|esm2_150m,0.1515954,0.0954954954954955,0.9327138775343474,0.41379310344827586,0.037777540302565325,0.10658307210031348,0.041318688387085446
mrnafm|protbert,0.4369352,0.1,0.9334943894491574,0.36990595611285265,0.2699081708122902,0.16614420062695925,0.022786052262566293
calm|esm2_8m,0.5367009,0.2580580580580581,0.9772412431094715,0.8275862068965517,0.4495567259544929,0.6269592476489029,0.03494244570873449
calm|esm2_35m,0.55119556,0.26356356356356364,0.9749774416517704,0.8025078369905956,0.4704472576108888,0.6269592476489029,0.08505094829905441
calm|esm2_150m,0.54185635,0.23613613613613615,0.9729298875759096,0.799373040752351,0.42906749039763636,0.5799373040752351,0.08308781894036335
calm|protbert,0.40422392,0.15055055055055058,0.9637901178539913,0.6896551724137931,0.23196192509687705,0.43573667711598746,0.012917912414043834
esm2_8m|esm2_35m,0.7704871,0.4385385385385386,0.9902762347436551,0.9592476489028213,0.6653185502955006,0.768025078369906,0.019020414900301628
esm2_8m|esm2_150m,0.61756516,0.3188188188188188,0.9849359000640177,0.9278996865203761,0.4578194272872373,0.6394984326018809,-0.011388959767862453
esm2_8m|protbert,0.26651484,0.1756756756756757,0.9770508153583971,0.8087774294670846,0.11148043058114065,0.4670846394984326,-0.07347382680563434
esm2_35m|esm2_150m,0.76433396,0.42792792792792794,0.9885580736812098,0.9435736677115988,0.6634407693194583,0.8244514106583072,-0.007911849373766206
esm2_35m|protbert,0.33013126,0.1923923923923924,0.9777628921618476,0.8526645768025078,0.15048628688007049,0.5203761755485894,0.01646230263928249
esm2_150m|protbert,0.42724085,0.18318318318318322,0.980073134310435,0.8526645768025078,0.22557147520581677,0.6238244514106583,-0.0056430034197192435
