,CKA,kNN,CC1,R1,CKA_after,R1_after,align_err_rho,CKA_top,CKA_rest
nt500m|ntv2_100m,0.3983733,0.1525993883792049,0.9890530081548998,0.7731958762886598,0.03835361552748335,0.1134020618556701,0.05094938419441857,0.3957101,0.27005622
nt500m|dnabert2,0.6080748,0.17828746177370033,0.9890773019118081,0.6872852233676976,0.09704903790663921,0.12714776632302405,0.02006292704757848,0.60492384,0.2480977
nt500m|hyenadna,0.6033619,0.1468909276248726,0.9902533843821076,0.5910652920962199,0.06845187190608452,0.10652920962199312,0.048637465309048084,0.6025282,0.1662886
nt500m|rnafm,0.53014034,0.11926605504587158,0.9712616225502854,0.5326460481099656,0.10059403995086094,0.10652920962199312,-0.08885097509654136,0.5239146,0.20039937
nt500m|rinalmo,0.5246462,0.11967380224260958,0.9733545178165842,0.4948453608247423,0.08375363257676935,0.07903780068728522,0.03152683067696378,0.5150533,0.15802951
nt500m|mrnafm,0.08731568,0.07900101936799185,0.981864534976967,0.3642611683848797,0.020729520101509087,0.03436426116838488,-0.035128505679849535,0.08209033,0.21708281
nt500m|calm,0.47028747,0.1163098878695209,0.9830963896299766,0.5189003436426117,0.05063239322436148,0.06529209621993128,-0.0373228198446688,0.4603524,0.19630763
nt500m|esm2_8m,0.16267322,0.07196738022426095,0.9529244562113094,0.35051546391752575,0.03927771107135936,0.020618556701030927,0.012981564546975006,0.14568578,0.14247645
nt500m|esm2_35m,0.12767152,0.06921508664627932,0.953224904834075,0.36082474226804123,0.026568167334640673,0.03436426116838488,0.01661562345841835,0.11262878,0.14472193
nt500m|esm2_150m,0.13062909,0.06564729867482162,0.9473123181875437,0.3230240549828179,0.025229037316569464,0.024054982817869417,0.03280928215345102,0.11628859,0.15498471
nt500m|protbert,0.091652565,0.07176350662589195,0.9383630631212583,0.3127147766323024,0.016015082420271762,0.03436426116838488,0.04030408733624081,0.08700545,0.16821937
ntv2_100m|dnabert2,0.27003843,0.20061162079510705,0.9925120594558947,0.7731958762886598,0.11274547862882227,0.16151202749140894,-0.05115927087995721,0.26727712,0.26821956
ntv2_100m|hyenadna,0.7364087,0.19612640163098882,0.9930537185072493,0.6735395189003437,0.09721920974210532,0.13745704467353953,0.12153973067302994,0.7361555,0.17582905
ntv2_100m|rnafm,0.17098667,0.10642201834862386,0.971505055133984,0.6185567010309279,0.043967958575598654,0.05154639175257732,-0.018067055630687286,0.16570461,0.19561225
ntv2_100m|rinalmo,0.20862627,0.1251783893985729,0.9726381241521768,0.6769759450171822,0.0555743897065587,0.10309278350515463,-0.11078437722336323,0.2012628,0.19563314
ntv2_100m|mrnafm,0.029521294,0.07920489296636088,0.9794506692688016,0.436426116838488,0.01229855753374213,0.027491408934707903,0.01737968890994996,0.025541859,0.22135992
ntv2_100m|calm,0.18286864,0.10774719673802244,0.983085521618796,0.6323024054982818,0.02877446525630092,0.048109965635738834,-0.03938078071029823,0.16287662,0.21195252
ntv2_100m|esm2_8m,0.100434944,0.07553516819571865,0.9588314452629991,0.5395189003436426,0.017422002563327595,0.027491408934707903,-0.10427496811525429,0.083399594,0.18359785
ntv2_100m|esm2_35m,0.083004184,0.07145769622833843,0.9588715296548554,0.5154639175257731,0.014929585028679528,0.058419243986254296,-0.03556142740477726,0.07035404,0.18008175
ntv2_100m|esm2_150m,0.067485675,0.06646279306829765,0.9572922184526091,0.5085910652920962,0.01280151329221328,0.030927835051546393,-0.029559690848116157,0.055169344,0.19315737
ntv2_100m|protbert,0.057688426,0.07247706422018348,0.9349503986142892,0.4845360824742268,0.010065482208437301,0.027491408934707903,0.029109968448823974,0.054828826,0.18397363
dnabert2|hyenadna,0.5179514,0.20632008154943934,0.9944626907870819,0.6254295532646048,0.11009394600420522,0.10309278350515463,0.005353084433372325,0.5176448,0.19311067
dnabert2|rnafm,0.6130455,0.13720693170234458,0.9716379779617572,0.5395189003436426,0.16448493321221516,0.09965635738831616,-0.10368791846463518,0.60815555,0.21237898
dnabert2|rinalmo,0.57130396,0.15606523955147808,0.9722138628320651,0.5085910652920962,0.15641279523874943,0.15463917525773196,-0.04036958561745879,0.5659851,0.24273548
dnabert2|mrnafm,0.08470506,0.09225280326197757,0.9829965404200575,0.3470790378006873,0.030917470091672727,0.06872852233676977,0.01030417012216891,0.08036751,0.25347593
dnabert2|calm,0.51738626,0.13139653414882774,0.985156498364529,0.5395189003436426,0.07467738824367878,0.0859106529209622,0.032875997874840336,0.51237196,0.23681258
dnabert2|esm2_8m,0.14861234,0.08114169215086646,0.9542416158948566,0.28865979381443296,0.0719744878148913,0.054982817869415807,0.04303431866448297,0.13565326,0.16536753
dnabert2|esm2_35m,0.12059049,0.07787971457696227,0.9514590322363731,0.31958762886597936,0.038660636858573585,0.08247422680412371,0.0017964547168260643,0.107170634,0.16702142
dnabert2|esm2_150m,0.12244172,0.0730886850152905,0.9508692659286447,0.32646048109965636,0.03528848144026753,0.048109965635738834,0.09266838049778818,0.1125793,0.18982984
dnabert2|protbert,0.07073635,0.08307849133537207,0.935793482966906,0.30584192439862545,0.019072743321425945,0.05154639175257732,0.00964723940571503,0.06559131,0.2045872
hyenadna|rnafm,0.39803934,0.10581039755351683,0.9826445627558495,0.6254295532646048,0.1128222537636686,0.24398625429553264,0.03157041503509767,0.39197075,0.15831685
hyenadna|rinalmo,0.4310529,0.1034658511722732,0.9791674213872283,0.49140893470790376,0.11162604608977657,0.20618556701030927,0.06316688328986197,0.42633802,0.11831071
hyenadna|mrnafm,0.054369062,0.06962283384301735,0.9820052025432942,0.27147766323024053,0.020957413275324462,0.058419243986254296,0.023543588497433262,0.052558865,0.15969668
hyenadna|calm,0.36574647,0.08532110091743121,0.9852057704257219,0.3402061855670103,0.044702933331100196,0.054982817869415807,0.008414216000184101,0.35191253,0.1284935
hyenadna|esm2_8m,0.16122502,0.05259938837920489,0.9444640943562148,0.17869415807560138,0.028051186349194703,0.024054982817869417,-0.0680402962957272,0.14535025,0.090166494
hyenadna|esm2_35m,0.14051497,0.051172273190621814,0.9382100918324489,0.16838487972508592,0.02005957426599993,0.044673539518900345,-0.09010956474567039,0.12773602,0.09388021
hyenadna|esm2_150m,0.11463382,0.046992864424057076,0.954730732656955,0.18556701030927836,0.021550332604627943,0.027491408934707903,0.03274134899189037,0.10311787,0.099681914
hyenadna|protbert,0.073699854,0.05606523955147808,0.9352619405419431,0.23367697594501718,0.01340841999110164,0.020618556701030927,-0.009223570226089474,0.07181159,0.113491416
rnafm|rinalmo,0.809288,0.24852191641182467,0.9953059060933085,0.9312714776632303,0.3780851289240536,0.7044673539518901,0.011460738284939822,0.8018812,0.26203507
rnafm|mrnafm,0.12553385,0.08114169215086646,0.9620812247537693,0.30584192439862545,0.05492962682328928,0.041237113402061855,-0.007582947851194648,0.12188326,0.16878383
rnafm|calm,0.6315318,0.10142711518858308,0.9633970876446838,0.422680412371134,0.10060588276082387,0.06872852233676977,0.019024937557495868,0.63250095,0.16680987
rnafm|esm2_8m,0.25519094,0.0671763506625892,0.9115003286617315,0.21649484536082475,0.08475466141590843,0.037800687285223365,-0.0459990289697248,0.24948578,0.13287507
rnafm|esm2_35m,0.19855714,0.060142711518858305,0.913084063044717,0.21649484536082475,0.05485468150025808,0.020618556701030927,-0.03473454204040463,0.19061708,0.12726432
rnafm|esm2_150m,0.19964984,0.056880733944954125,0.9084328941459937,0.1958762886597938,0.049661399175320274,0.037800687285223365,-0.09441540714365794,0.19193695,0.13217597
rnafm|protbert,0.11553304,0.059021406727828754,0.9021580588712195,0.20618556701030927,0.034762155743315065,0.041237113402061855,-0.0959581473287772,0.11158819,0.13416591
rinalmo|mrnafm,0.18213826,0.11743119266055045,0.9670126184538318,0.49140893470790376,0.11411497482644811,0.07560137457044673,-0.11699551348949445,0.1760234,0.20746227
rinalmo|calm,0.680515,0.1761467889908257,0.9661463681869353,0.5910652920962199,0.18258202009818178,0.20962199312714777,0.016487548752393617,0.6712806,0.27157867
rinalmo|esm2_8m,0.33908033,0.12956167176350664,0.9442911940725138,0.4879725085910653,0.1606264684248901,0.22336769759450173,-0.12468486561166404,0.3252917,0.23189268
rinalmo|esm2_35m,0.2680755,0.11345565749235476,0.9428982837860567,0.47766323024054985,0.10296676448776203,0.18213058419243985,-0.10724698306152412,0.25327355,0.20498148
rinalmo|esm2_150m,0.29072332,0.10652395514780835,0.9336999601268718,0.5085910652920962,0.12259574012950764,0.140893470790378,-0.06782456589736614,0.27876297,0.21225348
rinalmo|protbert,0.16656522,0.0996941896024465,0.9121034573443075,0.4329896907216495,0.07204438733767966,0.13058419243986255,-0.12174133876540348,0.16001052,0.2126245
mrnafm|calm,0.16342662,0.15891946992864425,0.9831942423624672,0.6185567010309279,0.08441139133894904,0.12371134020618557,-0.0023374851289685848,0.15558377,0.3662054
mrnafm|esm2_8m,0.046185307,0.11355759429153925,0.9346735244197523,0.4639175257731959,0.02846636089300746,0.09965635738831616,0.004877552302447779,0.035365205,0.29344958
mrnafm|esm2_35m,0.036923937,0.10030581039755353,0.9396657084154466,0.4329896907216495,0.021693251284386168,0.10309278350515463,-0.04188675955897996,0.028062489,0.28704506
mrnafm|esm2_150m,0.040512327,0.09245667686034657,0.9293277630653859,0.4054982817869416,0.021416454509060757,0.06872852233676977,0.013662844066855643,0.032149915,0.28483978
mrnafm|protbert,0.29486135,0.10672782874617735,0.9222672767267686,0.4329896907216495,0.2612476975530293,0.1134020618556701,-0.04544363276356049,0.29216918,0.29398394
calm|esm2_8m,0.43329373,0.2381243628950051,0.9733699837594528,0.8350515463917526,0.3494915196185241,0.6082474226804123,0.09633531029385764,0.39803082,0.3916842
calm|esm2_35m,0.439682,0.2518858307849134,0.9757395284430923,0.8350515463917526,0.400829198709723,0.6563573883161512,0.029854554857614173,0.41480458,0.41108474
calm|esm2_150m,0.44794813,0.2161060142711519,0.9758222902042712,0.865979381443299,0.3679707526035657,0.6872852233676976,0.03178858031380141,0.4289385,0.41419655
calm|protbert,0.30880186,0.16269113149847098,0.9666240193956823,0.7938144329896907,0.24602464759791862,0.5807560137457045,0.0490126803698544,0.30386266,0.4134351
esm2_8m|esm2_35m,0.74392545,0.44250764525993885,0.9902764488336521,0.9553264604810997,0.6434102832245534,0.7972508591065293,-0.013266445547068054,0.7346548,0.5798077
esm2_8m|esm2_150m,0.55314857,0.29571865443425077,0.9844575258465663,0.9415807560137457,0.37626039001983963,0.7010309278350515,0.06414838355599452,0.54065603,0.4776462
esm2_8m|protbert,0.1990096,0.14057084607543327,0.9693953313916542,0.8178694158075601,0.09264815721574073,0.48109965635738833,0.02850611812384042,0.18885472,0.3179517
esm2_35m|esm2_150m,0.6934808,0.38562691131498467,0.9885076819486912,0.9484536082474226,0.5877679430812095,0.8694158075601375,-0.0008134935224879209,0.68758154,0.5852476
esm2_35m|protbert,0.21870138,0.145769622833843,0.9781146710286885,0.8419243986254296,0.11471050646483387,0.6082474226804123,0.019106262560941237,0.2101259,0.34066665
esm2_150m|protbert,0.3116793,0.15015290519877678,0.9806632231599475,0.872852233676976,0.1616023887142549,0.6219931271477663,-0.02762542190389465,0.30577114,0.38831916
